claim_id,section_locator,normalized_claim_sha256,evidence_ids,agent_review_status,human_verification,document
C001,Abstract,5fd5b111ca1de183cf8b338c98f9d937bca7e46cb1d07750750cefa7d2208fb6,"E001,E002,E006,E007",reconciled with actual corrected local evidence; computational and semantic scope only,not_performed,manuscript.before-expression.md
C002,Introduction,2de245d620d5170568a300f2b52ed5f274f763b2e57e2640e047fae1203bbc3f,"E001,E002",reconciled with actual corrected local evidence; computational and semantic scope only,not_performed,manuscript.before-expression.md
C003,Introduction,e9c8fedcc4a2f78fad16cfd00b601f11fa8e4a9938c307d368e0aefcd99f73b6,"E005,E006,E007",reconciled with actual corrected local evidence; computational and semantic scope only,not_performed,manuscript.before-expression.md
C004,Synthetic material and preparation,11d586e5ca8b14ffa212a24783b6d4b48eff6265e7d3937c97bd4ad6bb3579ea,"E001,E002,E003,E004,E005,E012",reconciled with actual corrected local evidence; computational and semantic scope only,not_performed,manuscript.before-expression.md
C005,Synthetic material and preparation,25805ab59ff1c1e80b2aed1eaeee6364e7179c2ed61c9b9bbd4b166cefb4a61c,"E002,E003,E004,E005",reconciled with actual corrected local evidence; computational and semantic scope only,not_performed,manuscript.before-expression.md
C006,Synthetic material and preparation,f644cc4d65a2f291cacb97daa65d5b1524a8e68a776f066747c2a117dee54d32,"E002,E005",reconciled with actual corrected local evidence; computational and semantic scope only,not_performed,manuscript.before-expression.md
C007,Estimand and conditional interval,dd1a63a7e2762be85e4060991bcd3b52f6673f11a057d1438448c85a6dcecf61,"E001,E002,E006",reconciled with actual corrected local evidence; computational and semantic scope only,not_performed,manuscript.before-expression.md
C008,Estimand and conditional interval,e16b2f30a0b1f3bc24aa9b6d7fc568cac29b0dd76351e7ada9f77add205f61f7,E006,reconciled with actual corrected local evidence; computational and semantic scope only,not_performed,manuscript.before-expression.md
C009,Estimand and conditional interval,7601f8e743e56c36be62842c430d2cb228902ea7b189c947c01559a812550554,"E001,E002,E006",reconciled with actual corrected local evidence; computational and semantic scope only,not_performed,manuscript.before-expression.md
C010,Exploratory robustness checks,f8bbec571a0c19e294ee65e0bd77f2e4da1d65e47b923a46bc5c10c99d3b6765,E007,reconciled with actual corrected local evidence; computational and semantic scope only,not_performed,manuscript.before-expression.md
C011,Results,ba8ba3c922bdc26f43383b4e41eb80cf7cba5d9ac957f7df8016d211c8d4b867,"E005,E006,E008",reconciled with actual corrected local evidence; computational and semantic scope only,not_performed,manuscript.before-expression.md
C090,Results,7bc96389cc37c4d2bbc01e3abe2177586ac4f0340ba1b104cb320d2675907553,"E005,E006",reconciled with actual corrected local evidence; computational and semantic scope only,not_performed,manuscript.before-expression.md
C012,Results,ecfae78ba4d36358bdac700d19587e16730b910b0bc0dfab935376fa6336b554,"E006,E008",reconciled with actual corrected local evidence; computational and semantic scope only,not_performed,manuscript.before-expression.md
C013,Results,81de0c7b8d386bf3856a85d9c26d042d138352674d66c5cf19a352ec99ef47dc,"E005,E006,E007",reconciled with actual corrected local evidence; computational and semantic scope only,not_performed,manuscript.before-expression.md
C014,Discussion,e369af47f1f9036cd7a2d025e090ef2ccab1ad6e629ef8a925b5cc6f71f89c78,"E006,E008",reconciled with actual corrected local evidence; computational and semantic scope only,not_performed,manuscript.before-expression.md
C015,Discussion,487e4494d239454b41ea1c5587138aae9263d4442c884a9ae158652e913ca370,E007,reconciled with actual corrected local evidence; computational and semantic scope only,not_performed,manuscript.before-expression.md
C016,Discussion,26f71c2c932cb3fbf82da191dbd577232f555073041c6306a39c0904127f1c6d,"E001,E002,E006",reconciled with actual corrected local evidence; computational and semantic scope only,not_performed,manuscript.before-expression.md
C017,Conclusion,239f27839cd2202d5a5f7285ddb4715f95e98e6a18ddef004cc504ab3043d5da,"E006,E008",reconciled with actual corrected local evidence; computational and semantic scope only,not_performed,manuscript.before-expression.md
C018,"Data, code, and software attribution",3f3e64253f6fa5e1e388691f8e2415e95e105572bba1edca7fb01272138896fc,"E002,E005,E006,E009",reconciled with actual corrected local evidence; computational and semantic scope only,not_performed,manuscript.before-expression.md
C101,SYNTHETIC — Target composition reverses the aggregate ranking of opposing paired score differences,aba999edc3e7724dae7ce86d216626bec1cfcc06953f994a58bc1eb3bdb28666,"E001,E002",reconciled with actual corrected local evidence; computational and semantic scope only,not_performed,manuscript.md
C102,Abstract,1b88b603bc10843cde05f8a735d0bc4b3125f118b31fe140c6d857beddbaba54,"E001,E002,E006,E007",reconciled with actual corrected local evidence; computational and semantic scope only,not_performed,manuscript.md
C103,Introduction,c4f18889fb9e527b4ad79ce169a3b50e7cd239ef28469cd816b211b0788859d9,"E001,E002,E006",reconciled with actual corrected local evidence; computational and semantic scope only,not_performed,manuscript.md
C104,Introduction,0f2bd0794b08fa7cfce40d99220f7f53e1b0572a00e4a8bf4e29c42ae5606c12,"E001,E002,E006",reconciled with actual corrected local evidence; computational and semantic scope only,not_performed,manuscript.md
C105,Material and preparation,e63032f5f58d202d618b10a1ff75ac540c9c9736eff5400553916c3d803fd5b4,"E002,E003,E004,E005,E012",reconciled with actual corrected local evidence; computational and semantic scope only,not_performed,manuscript.md
C106,Material and preparation,7be20e965421ae0dbf141a7ccb82ac5bb37a3f21034a6d71616b8991c8670b34,"E002,E003,E004,E005,E012",reconciled with actual corrected local evidence; computational and semantic scope only,not_performed,manuscript.md
C107,Target contrast and conditional resampling,477b5ddb5b2f34d273269c7522efe52e2d5df8d164e620a9630104a33890a4de,"E001,E002,E006",reconciled with actual corrected local evidence; computational and semantic scope only,not_performed,manuscript.md
C108,Target contrast and conditional resampling,3bfb8efd37b5784843aa8df7b0f59ba60066650bd7425cec172de4ecbbc914e2,"E001,E002,E006",reconciled with actual corrected local evidence; computational and semantic scope only,not_performed,manuscript.md
C109,Target contrast and conditional resampling,58a4fa32e8804e9dfb1165ee7b8ff07c98e6959d5b8c9d466305da0a8e4565aa,"E001,E002,E006",reconciled with actual corrected local evidence; computational and semantic scope only,not_performed,manuscript.md
C110,Target contrast and conditional resampling,c355fcd0565546748553b5c90945ed03145a2a4b717c6ad3f1505dd28863b145,"E001,E002,E006",reconciled with actual corrected local evidence; computational and semantic scope only,not_performed,manuscript.md
C111,Target contrast and conditional resampling,9fb0afcd3d938ba6311fd268fa4455dc1dae6181e3c1c5fd12a08c88c6efc005,"E001,E002,E006",reconciled with actual corrected local evidence; computational and semantic scope only,not_performed,manuscript.md
C112,Exploratory robustness,76021db7723a67572e5a73704bce439f3f79aecfd41f576f7b1c2d2fd6d85c81,E007,reconciled with actual corrected local evidence; computational and semantic scope only,not_performed,manuscript.md
C113,Results,0ebe2ffaff046536b01acef95acf083dd2072c258bae79e2891d49277c556215,"E005,E006,E007,E008",reconciled with actual corrected local evidence; computational and semantic scope only,not_performed,manuscript.md
C114,Results,7bc96389cc37c4d2bbc01e3abe2177586ac4f0340ba1b104cb320d2675907553,"E005,E006,E007,E008",reconciled with actual corrected local evidence; computational and semantic scope only,not_performed,manuscript.md
C115,Results,daa9d58ef514cc8938650872ecfb355e0b1eb23d4b36de8b268ee6430711fe06,"E005,E006,E007,E008",reconciled with actual corrected local evidence; computational and semantic scope only,not_performed,manuscript.md
C116,Results,9f94c6e495c2ca51dfbd75d1a75b41d46cfcbed4458c0edf1494c81a36188343,"E005,E006,E007,E008",reconciled with actual corrected local evidence; computational and semantic scope only,not_performed,manuscript.md
C117,Discussion,15deb86deed01036be2d01346e85a3be4cc9fdedd3e4d413604766cddfc66d40,"E001,E002,E006,E007",reconciled with actual corrected local evidence; computational and semantic scope only,not_performed,manuscript.md
C118,Discussion,1e9a63de08f835b4ec83c39402521a41c0f593dd43dda798bbc356b9bbc4e455,"E001,E002,E006,E007",reconciled with actual corrected local evidence; computational and semantic scope only,not_performed,manuscript.md
C119,Discussion,c0a4cb056408cdef0c627f4e06bafcbfb27e5349532fdafb0c2cd89cbfb36289,"E001,E002,E006,E007",reconciled with actual corrected local evidence; computational and semantic scope only,not_performed,manuscript.md
C120,Conclusion,0ef234536b02677da2ff6abcb694fbcba9a65347e25b29d123ecf1a041e50f0b,"E006,E008",reconciled with actual corrected local evidence; computational and semantic scope only,not_performed,manuscript.md
C121,"Data, code, and software attribution",da3dc770311b4c7470e14e81547f5e610105399407bf7f8ccb4aab9a92c91d59,"E002,E009,E010,E011",reconciled with actual corrected local evidence; computational and semantic scope only,not_performed,manuscript.md
C122,Reference,1ef69fda4795a9a4aba42d82cf7a706ed682bf66d0af4eab536b6d2bd7b2d515,E009,reconciled with actual corrected local evidence; computational and semantic scope only,not_performed,manuscript.md
C201,SYNTHETIC — Figure 1,83057f8b270a3080fbf852eafc13b3c0e5bba0badf1969743bcd10adae535afe,"E001,E002,E005,E006,E008",reconciled with actual corrected local evidence; computational and semantic scope only,not_performed,caption.md
C202,SYNTHETIC — Figure 1,16605b5c5f0caaaa4ed3363654b6959a05a3c2689fb8b5d964f20b28ee99e798,"E001,E002,E005,E006,E008",reconciled with actual corrected local evidence; computational and semantic scope only,not_performed,caption.md
C203,SYNTHETIC — Figure 1,2938884d86f876cb68a534ebbfcfbacf3563d55cc35673f666bf0146994bf6c5,"E001,E002,E005,E006,E008",reconciled with actual corrected local evidence; computational and semantic scope only,not_performed,caption.md
