weight_g1,weight_g2,difference_A_minus_B
0.0,1.0,2.75
0.01,0.99,2.7125000000000004
0.02,0.98,2.675
0.03,0.97,2.6375
0.04,0.96,2.5999999999999996
0.05,0.95,2.5625
0.06,0.94,2.525
0.07,0.9299999999999999,2.4875
0.08,0.92,2.45
0.09,0.91,2.4125
0.1,0.9,2.375
0.11,0.89,2.3375000000000004
0.12,0.88,2.3
0.13,0.87,2.2625
0.14,0.86,2.2249999999999996
0.15,0.85,2.1875
0.16,0.84,2.15
0.17,0.83,2.1125
0.18,0.8200000000000001,2.075
0.19,0.81,2.0375
0.2,0.8,2.0
0.21,0.79,1.9625000000000004
0.22,0.78,1.925
0.23,0.77,1.8875000000000002
0.24,0.76,1.8499999999999999
0.25,0.75,1.8125
0.26,0.74,1.7750000000000001
0.27,0.73,1.7374999999999998
0.28,0.72,1.7
0.29,0.71,1.6624999999999999
0.3,0.7,1.6249999999999998
0.31,0.69,1.5875
0.32,0.6799999999999999,1.5499999999999998
0.33,0.6699999999999999,1.5124999999999997
0.34,0.6599999999999999,1.4749999999999996
0.35,0.65,1.4375
0.36,0.64,1.4
0.37,0.63,1.3624999999999998
0.38,0.62,1.3250000000000002
0.39,0.61,1.2875
0.4,0.6,1.25
0.41,0.5900000000000001,1.2125000000000004
0.42,0.5800000000000001,1.1750000000000003
0.43,0.5700000000000001,1.1375000000000002
0.44,0.56,1.1
0.45,0.55,1.0625000000000002
0.46,0.54,1.0250000000000001
0.47,0.53,0.9875
0.48,0.52,0.9500000000000002
0.49,0.51,0.9125000000000001
0.5,0.5,0.875
0.51,0.49,0.8374999999999999
0.52,0.48,0.7999999999999998
0.53,0.47,0.7625
0.54,0.45999999999999996,0.7249999999999999
0.55,0.44999999999999996,0.6874999999999998
0.56,0.43999999999999995,0.6499999999999999
0.57,0.43000000000000005,0.6125000000000002
0.58,0.42000000000000004,0.5750000000000001
0.59,0.41000000000000003,0.5375000000000002
0.6,0.4,0.5000000000000001
0.61,0.39,0.4625
0.62,0.38,0.42499999999999993
0.63,0.37,0.38750000000000007
0.64,0.36,0.35
0.65,0.35,0.3124999999999999
0.66,0.33999999999999997,0.2749999999999999
0.67,0.32999999999999996,0.23749999999999982
0.68,0.31999999999999995,0.19999999999999984
0.69,0.31000000000000005,0.1625000000000002
0.7,0.30000000000000004,0.12500000000000022
0.71,0.29000000000000004,0.08750000000000013
0.72,0.28,0.050000000000000044
0.73,0.27,0.012500000000000067
0.74,0.26,-0.02499999999999991
0.75,0.25,-0.0625
0.76,0.24,-0.10000000000000009
0.77,0.22999999999999998,-0.13750000000000007
0.78,0.21999999999999997,-0.17500000000000004
0.79,0.20999999999999996,-0.21250000000000013
0.8,0.19999999999999996,-0.2500000000000002
0.81,0.18999999999999995,-0.2875000000000002
0.82,0.18000000000000005,-0.32499999999999984
0.83,0.17000000000000004,-0.3624999999999998
0.84,0.16000000000000003,-0.3999999999999999
0.85,0.15000000000000002,-0.4374999999999999
0.86,0.14,-0.475
0.87,0.13,-0.5125
0.88,0.12,-0.55
0.89,0.10999999999999999,-0.5875
0.9,0.09999999999999998,-0.6250000000000001
0.91,0.08999999999999997,-0.6625000000000001
0.92,0.07999999999999996,-0.7000000000000002
0.93,0.06999999999999995,-0.7375000000000002
0.94,0.06000000000000005,-0.7749999999999998
0.95,0.050000000000000044,-0.8124999999999998
0.96,0.040000000000000036,-0.8499999999999999
0.97,0.030000000000000027,-0.8875
0.98,0.020000000000000018,-0.9249999999999999
0.99,0.010000000000000009,-0.9624999999999999
1.0,0.0,-1.0
