case,probability,action_cost,miss_loss,outcome,score,cost_loss_threshold,cost_rule_action,probability_0.5_action,cost_rule_realized_cost,probability_0.5_realized_cost,gain,adversarial_q_at_epsilon_star,adversarial_q_exact
u1,0.15,12.0,100.0,1,3.0,0.12,1,0,12.0,100.0,88.0,0.012037037037037037,13/1080
u2,0.3,10.0,80.0,0,14.0,0.125,1,0,10.0,0.0,-10.0,0.16203703703703703,35/216
u3,0.6,45.0,60.0,1,-9.0,0.75,0,1,60.0,45.0,-15.0,0.7379629629629629,797/1080
u4,0.8,20.0,70.0,1,36.0,0.2857142857142857,1,1,20.0,20.0,0.0,0.8,4/5
u5,0.4,20.0,80.0,1,12.0,0.25,1,0,20.0,80.0,60.0,0.262037037037037,283/1080
u6,0.7,60.0,70.0,0,-11.0,0.8571428571428571,0,1,0.0,60.0,60.0,0.8379629629629629,181/216
u7,0.1,5.0,100.0,0,5.0,0.05,1,0,5.0,0.0,-5.0,0.0,0
u8,0.55,50.0,100.0,1,5.0,0.5,1,1,50.0,50.0,0.0,0.55,11/20
u9,0.25,30.0,100.0,0,-5.0,0.3,0,0,0.0,0.0,0.0,0.25,1/4
u10,0.9,15.0,80.0,1,57.0,0.1875,1,1,15.0,15.0,0.0,0.9,9/10
u11,0.45,20.0,80.0,0,16.0,0.25,1,0,20.0,0.0,-20.0,0.31203703703703706,337/1080
u12,0.35,10.0,70.0,1,14.5,0.14285714285714285,1,0,10.0,70.0,60.0,0.21203703703703702,229/1080
