id,condition,tau,baseline_alarm,baseline_loss,baseline_false_alarm,baseline_hit,baseline_delay,initial_alarm,initial_loss,initial_false_alarm,initial_hit,initial_delay,refined_alarm,refined_loss,refined_false_alarm,refined_hit,refined_delay,ablation_alarm,ablation_loss,ablation_false_alarm,ablation_hit,ablation_delay,no_coverage_alarm,no_coverage_loss,no_coverage_false_alarm,no_coverage_hit,no_coverage_delay,refined_minus_baseline_loss,refined_minus_initial_loss
65109-clean-0,clean,,-1,0,False,False,,-1,0,False,False,,-1,0,False,False,,-1,0,False,False,,-1,0,False,False,,0,0
65109-clean-1,clean,204,232,28,False,True,28,229,25,False,True,25,223,19,False,True,19,221,17,False,True,17,223,19,False,True,19,-9,-6
65109-clean-2,clean,,-1,0,False,False,,-1,0,False,False,,-1,0,False,False,,-1,0,False,False,,-1,0,False,False,,0,0
65109-clean-3,clean,165,237,90,False,False,72,191,26,False,True,26,187,22,False,True,22,183,18,False,True,18,187,22,False,True,22,-68,-4
65109-clean-4,clean,,-1,0,False,False,,-1,0,False,False,,-1,0,False,False,,-1,0,False,False,,-1,0,False,False,,0,0
65109-clean-5,clean,153,214,90,False,False,61,190,37,False,True,37,192,39,False,True,39,172,19,False,True,19,192,39,False,True,39,-51,2
65109-clean-6,clean,,-1,0,False,False,,-1,0,False,False,,-1,0,False,False,,-1,0,False,False,,-1,0,False,False,,0,0
65109-clean-7,clean,154,172,18,False,True,18,177,23,False,True,23,171,17,False,True,17,100,90,True,False,,171,17,False,True,17,-1,-6
65109-clean-8,clean,,-1,0,False,False,,-1,0,False,False,,-1,0,False,False,,-1,0,False,False,,-1,0,False,False,,0,0
65109-clean-9,clean,177,192,15,False,True,15,195,18,False,True,18,195,18,False,True,18,191,14,False,True,14,195,18,False,True,18,3,0
65109-clean-10,clean,,-1,0,False,False,,-1,0,False,False,,-1,0,False,False,,258,90,True,False,,-1,0,False,False,,0,0
65109-clean-11,clean,195,216,21,False,True,21,218,23,False,True,23,212,17,False,True,17,205,10,False,True,10,212,17,False,True,17,-4,-6
65109-clean-12,clean,,-1,0,False,False,,-1,0,False,False,,-1,0,False,False,,-1,0,False,False,,-1,0,False,False,,0,0
65109-clean-13,clean,179,239,60,False,True,60,210,31,False,True,31,202,23,False,True,23,199,20,False,True,20,202,23,False,True,23,-37,-8
65109-clean-14,clean,,-1,0,False,False,,-1,0,False,False,,-1,0,False,False,,113,90,True,False,,-1,0,False,False,,0,0
65109-clean-15,clean,209,-1,90,False,False,,108,90,True,False,,201,90,True,False,,104,90,True,False,,201,90,True,False,,0,0
65109-clean-16,clean,,-1,0,False,False,,-1,0,False,False,,-1,0,False,False,,198,90,True,False,,-1,0,False,False,,0,0
65109-clean-17,clean,178,208,30,False,True,30,200,22,False,True,22,200,22,False,True,22,192,14,False,True,14,200,22,False,True,22,-8,0
65109-clean-18,clean,,-1,0,False,False,,-1,0,False,False,,-1,0,False,False,,-1,0,False,False,,-1,0,False,False,,0,0
65109-clean-19,clean,206,222,16,False,True,16,227,21,False,True,21,222,16,False,True,16,217,11,False,True,11,222,16,False,True,16,0,-5
65109-clean-20,clean,,-1,0,False,False,,-1,0,False,False,,-1,0,False,False,,-1,0,False,False,,-1,0,False,False,,0,0
65109-clean-21,clean,192,212,20,False,True,20,214,22,False,True,22,210,18,False,True,18,204,12,False,True,12,210,18,False,True,18,-2,-4
65109-clean-22,clean,,-1,0,False,False,,-1,0,False,False,,-1,0,False,False,,-1,0,False,False,,-1,0,False,False,,0,0
65109-clean-23,clean,183,-1,90,False,False,,-1,90,False,False,,-1,90,False,False,,-1,90,False,False,,-1,90,False,False,,0,0
65109-clean-24,clean,,-1,0,False,False,,-1,0,False,False,,-1,0,False,False,,-1,0,False,False,,-1,0,False,False,,0,0
65109-clean-25,clean,176,190,14,False,True,14,193,17,False,True,17,193,17,False,True,17,190,14,False,True,14,193,17,False,True,17,3,0
65109-clean-26,clean,,-1,0,False,False,,95,90,True,False,,88,90,True,False,,87,90,True,False,,88,90,True,False,,90,0
65109-clean-27,clean,189,-1,90,False,False,,166,90,True,False,,161,90,True,False,,155,90,True,False,,161,90,True,False,,0,0
65109-clean-28,clean,,-1,0,False,False,,-1,0,False,False,,-1,0,False,False,,118,90,True,False,,-1,0,False,False,,0,0
65109-clean-29,clean,167,208,41,False,True,41,201,34,False,True,34,198,31,False,True,31,150,90,True,False,,198,31,False,True,31,-10,-3
65109-bursts-0,bursts,,-1,0,False,False,,-1,0,False,False,,-1,0,False,False,,99,90,True,False,,-1,0,False,False,,0,0
65109-bursts-1,bursts,182,220,38,False,True,38,214,32,False,True,32,215,33,False,True,33,175,90,True,False,,215,33,False,True,33,-5,1
65109-bursts-2,bursts,,-1,0,False,False,,-1,0,False,False,,-1,0,False,False,,-1,0,False,False,,-1,0,False,False,,0,0
65109-bursts-3,bursts,210,271,90,False,False,61,268,58,False,True,58,266,56,False,True,56,255,45,False,True,45,266,56,False,True,56,-34,-2
65109-bursts-4,bursts,,-1,0,False,False,,-1,0,False,False,,-1,0,False,False,,258,90,True,False,,-1,0,False,False,,0,0
65109-bursts-5,bursts,193,212,19,False,True,19,214,21,False,True,21,209,16,False,True,16,132,90,True,False,,209,16,False,True,16,-3,-5
65109-bursts-6,bursts,,-1,0,False,False,,-1,0,False,False,,-1,0,False,False,,-1,0,False,False,,-1,0,False,False,,0,0
65109-bursts-7,bursts,151,196,45,False,True,45,198,47,False,True,47,192,41,False,True,41,189,38,False,True,38,192,41,False,True,41,-4,-6
65109-bursts-8,bursts,,-1,0,False,False,,-1,0,False,False,,-1,0,False,False,,-1,0,False,False,,-1,0,False,False,,0,0
65109-bursts-9,bursts,203,221,18,False,True,18,222,19,False,True,19,223,20,False,True,20,142,90,True,False,,223,20,False,True,20,2,1
65109-bursts-10,bursts,,-1,0,False,False,,-1,0,False,False,,-1,0,False,False,,-1,0,False,False,,-1,0,False,False,,0,0
65109-bursts-11,bursts,187,212,25,False,True,25,217,30,False,True,30,209,22,False,True,22,205,18,False,True,18,209,22,False,True,22,-3,-8
65109-bursts-12,bursts,,-1,0,False,False,,-1,0,False,False,,-1,0,False,False,,255,90,True,False,,-1,0,False,False,,0,0
65109-bursts-13,bursts,202,213,11,False,True,11,219,17,False,True,17,213,11,False,True,11,206,4,False,True,4,213,11,False,True,11,0,-6
65109-bursts-14,bursts,,-1,0,False,False,,-1,0,False,False,,-1,0,False,False,,-1,0,False,False,,-1,0,False,False,,0,0
65109-bursts-15,bursts,167,185,18,False,True,18,185,18,False,True,18,182,15,False,True,15,177,10,False,True,10,182,15,False,True,15,-3,-3
65109-bursts-16,bursts,,-1,0,False,False,,-1,0,False,False,,-1,0,False,False,,182,90,True,False,,-1,0,False,False,,0,0
65109-bursts-17,bursts,158,307,90,False,False,149,209,51,False,True,51,267,90,False,False,109,197,39,False,True,39,267,90,False,False,109,0,39
65109-bursts-18,bursts,,-1,0,False,False,,-1,0,False,False,,-1,0,False,False,,105,90,True,False,,-1,0,False,False,,0,0
65109-bursts-19,bursts,172,213,41,False,True,41,203,31,False,True,31,195,23,False,True,23,191,19,False,True,19,195,23,False,True,23,-18,-8
65109-bursts-20,bursts,,-1,0,False,False,,-1,0,False,False,,-1,0,False,False,,140,90,True,False,,-1,0,False,False,,0,0
65109-bursts-21,bursts,148,172,24,False,True,24,170,22,False,True,22,166,18,False,True,18,157,9,False,True,9,166,18,False,True,18,-6,-4
65109-bursts-22,bursts,,-1,0,False,False,,177,90,True,False,,176,90,True,False,,124,90,True,False,,176,90,True,False,,90,0
65109-bursts-23,bursts,199,213,14,False,True,14,219,20,False,True,20,214,15,False,True,15,208,9,False,True,9,214,15,False,True,15,1,-5
65109-bursts-24,bursts,,-1,0,False,False,,153,90,True,False,,-1,0,False,False,,144,90,True,False,,-1,0,False,False,,0,-90
65109-bursts-25,bursts,194,241,47,False,True,47,227,33,False,True,33,216,22,False,True,22,126,90,True,False,,216,22,False,True,22,-25,-11
65109-bursts-26,bursts,,-1,0,False,False,,-1,0,False,False,,-1,0,False,False,,-1,0,False,False,,-1,0,False,False,,0,0
65109-bursts-27,bursts,167,185,18,False,True,18,186,19,False,True,19,184,17,False,True,17,176,9,False,True,9,184,17,False,True,17,-1,-2
65109-bursts-28,bursts,,-1,0,False,False,,-1,0,False,False,,-1,0,False,False,,-1,0,False,False,,-1,0,False,False,,0,0
65109-bursts-29,bursts,184,-1,90,False,False,,-1,90,False,False,,-1,90,False,False,,262,90,False,False,78,-1,90,False,False,,0,0
65109-gaps-0,gaps,,-1,0,False,False,,-1,0,False,False,,-1,0,False,False,,211,90,True,False,,-1,0,False,False,,0,0
65109-gaps-1,gaps,158,172,14,False,True,14,188,30,False,True,30,170,12,False,True,12,167,9,False,True,9,170,12,False,True,12,-2,-18
65109-gaps-2,gaps,,-1,0,False,False,,-1,0,False,False,,-1,0,False,False,,216,90,True,False,,-1,0,False,False,,0,0
65109-gaps-3,gaps,193,227,34,False,True,34,221,28,False,True,28,211,18,False,True,18,117,90,True,False,,211,18,False,True,18,-16,-10
65109-gaps-4,gaps,,-1,0,False,False,,-1,0,False,False,,-1,0,False,False,,138,90,True,False,,-1,0,False,False,,0,0
65109-gaps-5,gaps,191,211,20,False,True,20,213,22,False,True,22,211,20,False,True,20,205,14,False,True,14,211,20,False,True,20,0,-2
65109-gaps-6,gaps,,-1,0,False,False,,-1,0,False,False,,-1,0,False,False,,115,90,True,False,,-1,0,False,False,,0,0
65109-gaps-7,gaps,177,286,90,False,False,109,233,56,False,True,56,282,90,False,False,105,200,23,False,True,23,282,90,False,False,105,0,34
65109-gaps-8,gaps,,-1,0,False,False,,-1,0,False,False,,-1,0,False,False,,-1,0,False,False,,-1,0,False,False,,0,0
65109-gaps-9,gaps,143,185,42,False,True,42,174,31,False,True,31,166,23,False,True,23,161,18,False,True,18,166,23,False,True,23,-19,-8
65109-gaps-10,gaps,,-1,0,False,False,,-1,0,False,False,,-1,0,False,False,,-1,0,False,False,,-1,0,False,False,,0,0
65109-gaps-11,gaps,202,232,30,False,True,30,230,28,False,True,28,225,23,False,True,23,215,13,False,True,13,225,23,False,True,23,-7,-5
65109-gaps-12,gaps,,-1,0,False,False,,-1,0,False,False,,-1,0,False,False,,-1,0,False,False,,-1,0,False,False,,0,0
65109-gaps-13,gaps,191,-1,90,False,False,,253,90,False,False,62,261,90,False,False,70,254,90,False,False,63,261,90,False,False,70,0,0
65109-gaps-14,gaps,,-1,0,False,False,,-1,0,False,False,,-1,0,False,False,,273,90,True,False,,-1,0,False,False,,0,0
65109-gaps-15,gaps,209,228,19,False,True,19,236,27,False,True,27,228,19,False,True,19,224,15,False,True,15,228,19,False,True,19,0,-8
65109-gaps-16,gaps,,-1,0,False,False,,-1,0,False,False,,-1,0,False,False,,-1,0,False,False,,-1,0,False,False,,0,0
65109-gaps-17,gaps,195,211,16,False,True,16,210,15,False,True,15,203,8,False,True,8,201,6,False,True,6,203,8,False,True,8,-8,-7
65109-gaps-18,gaps,,-1,0,False,False,,-1,0,False,False,,-1,0,False,False,,299,90,True,False,,-1,0,False,False,,0,0
65109-gaps-19,gaps,152,171,19,False,True,19,175,23,False,True,23,172,20,False,True,20,98,90,True,False,,172,20,False,True,20,1,-3
65109-gaps-20,gaps,,-1,0,False,False,,157,90,True,False,,158,90,True,False,,145,90,True,False,,158,90,True,False,,90,0
65109-gaps-21,gaps,189,235,46,False,True,46,226,37,False,True,37,229,40,False,True,40,223,34,False,True,34,229,40,False,True,40,-6,3
65109-gaps-22,gaps,,-1,0,False,False,,-1,0,False,False,,-1,0,False,False,,257,90,True,False,,-1,0,False,False,,0,0
65109-gaps-23,gaps,169,204,35,False,True,35,204,35,False,True,35,188,19,False,True,19,105,90,True,False,,188,19,False,True,19,-16,-16
65109-gaps-24,gaps,,-1,0,False,False,,-1,0,False,False,,-1,0,False,False,,-1,0,False,False,,-1,0,False,False,,0,0
65109-gaps-25,gaps,167,216,49,False,True,49,216,49,False,True,49,219,52,False,True,52,184,17,False,True,17,219,52,False,True,52,3,3
65109-gaps-26,gaps,,-1,0,False,False,,-1,0,False,False,,-1,0,False,False,,-1,0,False,False,,-1,0,False,False,,0,0
65109-gaps-27,gaps,151,173,22,False,True,22,173,22,False,True,22,170,19,False,True,19,158,7,False,True,7,170,19,False,True,19,-3,-3
65109-gaps-28,gaps,,-1,0,False,False,,-1,0,False,False,,-1,0,False,False,,95,90,True,False,,-1,0,False,False,,0,0
65109-gaps-29,gaps,198,243,45,False,True,45,207,9,False,True,9,216,18,False,True,18,197,90,True,False,,216,18,False,True,18,-27,9
65109-heavy-0,heavy,,289,90,True,False,,256,90,True,False,,272,90,True,False,,101,90,True,False,,272,90,True,False,,0,0
65109-heavy-1,heavy,175,195,20,False,True,20,192,17,False,True,17,190,15,False,True,15,181,6,False,True,6,190,15,False,True,15,-5,-2
65109-heavy-2,heavy,,-1,0,False,False,,-1,0,False,False,,-1,0,False,False,,343,90,True,False,,-1,0,False,False,,0,0
65109-heavy-3,heavy,210,223,13,False,True,13,228,18,False,True,18,227,17,False,True,17,222,12,False,True,12,227,17,False,True,17,4,-1
65109-heavy-4,heavy,,-1,0,False,False,,-1,0,False,False,,-1,0,False,False,,109,90,True,False,,-1,0,False,False,,0,0
65109-heavy-5,heavy,154,200,46,False,True,46,179,25,False,True,25,185,31,False,True,31,172,18,False,True,18,185,31,False,True,31,-15,6
65109-heavy-6,heavy,,-1,0,False,False,,176,90,True,False,,178,90,True,False,,164,90,True,False,,178,90,True,False,,90,0
65109-heavy-7,heavy,148,155,7,False,True,7,183,35,False,True,35,161,13,False,True,13,156,8,False,True,8,161,13,False,True,13,6,-22
65109-heavy-8,heavy,,-1,0,False,False,,-1,0,False,False,,-1,0,False,False,,224,90,True,False,,-1,0,False,False,,0,0
65109-heavy-9,heavy,190,222,32,False,True,32,225,35,False,True,35,223,33,False,True,33,187,90,True,False,,223,33,False,True,33,1,-2
65109-heavy-10,heavy,,-1,0,False,False,,-1,0,False,False,,-1,0,False,False,,218,90,True,False,,-1,0,False,False,,0,0
65109-heavy-11,heavy,199,219,20,False,True,20,223,24,False,True,24,217,18,False,True,18,181,90,True,False,,217,18,False,True,18,-2,-6
65109-heavy-12,heavy,,-1,0,False,False,,-1,0,False,False,,-1,0,False,False,,250,90,True,False,,-1,0,False,False,,0,0
65109-heavy-13,heavy,170,197,27,False,True,27,195,25,False,True,25,150,90,True,False,,129,90,True,False,,150,90,True,False,,63,65
65109-heavy-14,heavy,,-1,0,False,False,,-1,0,False,False,,-1,0,False,False,,-1,0,False,False,,-1,0,False,False,,0,0
65109-heavy-15,heavy,208,224,16,False,True,16,123,90,True,False,,122,90,True,False,,120,90,True,False,,122,90,True,False,,74,0
65109-heavy-16,heavy,,-1,0,False,False,,-1,0,False,False,,-1,0,False,False,,-1,0,False,False,,-1,0,False,False,,0,0
65109-heavy-17,heavy,163,182,19,False,True,19,183,20,False,True,20,181,18,False,True,18,172,9,False,True,9,181,18,False,True,18,-1,-2
65109-heavy-18,heavy,,-1,0,False,False,,-1,0,False,False,,-1,0,False,False,,-1,0,False,False,,-1,0,False,False,,0,0
65109-heavy-19,heavy,189,206,17,False,True,17,208,19,False,True,19,207,18,False,True,18,196,7,False,True,7,207,18,False,True,18,1,-1
65109-heavy-20,heavy,,-1,0,False,False,,-1,0,False,False,,-1,0,False,False,,346,90,True,False,,-1,0,False,False,,0,0
65109-heavy-21,heavy,153,248,90,False,False,95,182,29,False,True,29,176,23,False,True,23,111,90,True,False,,176,23,False,True,23,-67,-6
65109-heavy-22,heavy,,-1,0,False,False,,297,90,True,False,,-1,0,False,False,,99,90,True,False,,-1,0,False,False,,0,-90
65109-heavy-23,heavy,189,228,39,False,True,39,228,39,False,True,39,222,33,False,True,33,201,12,False,True,12,222,33,False,True,33,-6,-6
65109-heavy-24,heavy,,-1,0,False,False,,-1,0,False,False,,-1,0,False,False,,328,90,True,False,,-1,0,False,False,,0,0
65109-heavy-25,heavy,162,185,23,False,True,23,184,22,False,True,22,180,18,False,True,18,176,14,False,True,14,180,18,False,True,18,-5,-4
65109-heavy-26,heavy,,-1,0,False,False,,90,90,True,False,,-1,0,False,False,,89,90,True,False,,-1,0,False,False,,0,-90
65109-heavy-27,heavy,192,208,16,False,True,16,213,21,False,True,21,209,17,False,True,17,122,90,True,False,,209,17,False,True,17,1,-4
65109-heavy-28,heavy,,-1,0,False,False,,-1,0,False,False,,-1,0,False,False,,-1,0,False,False,,-1,0,False,False,,0,0
65109-heavy-29,heavy,177,189,12,False,True,12,179,2,False,True,2,185,8,False,True,8,164,90,True,False,,185,8,False,True,8,-4,6
