instance,n,tightness,nominal_optimum,box20_guarantee,gamma1_guarantee,gamma1_seconds,peak_states
n12_q0.25_r0,12,0.25,239,196,236,2.7417001547291875e-05,42
n12_q0.25_r1,12,0.25,291,279,291,1.7708996892906725e-05,38
n12_q0.25_r2,12,0.25,188,162,182,1.5792000340297818e-05,23
n12_q0.25_r3,12,0.25,222,218,222,3.8541998947039247e-05,23
n12_q0.25_r4,12,0.25,305,243,244,1.9833001715596765e-05,36
n12_q0.25_r5,12,0.25,350,307,314,2.033300552284345e-05,32
n12_q0.25_r6,12,0.25,247,189,225,2.1708001440856606e-05,37
n12_q0.25_r7,12,0.25,198,178,181,1.7124999430961907e-05,27
n12_q0.25_r8,12,0.25,259,228,228,1.9083003280684352e-05,25
n12_q0.25_r9,12,0.25,292,248,269,1.512500602984801e-05,24
n12_q0.25_r10,12,0.25,228,190,203,1.8292004824616015e-05,31
n12_q0.25_r11,12,0.25,229,193,193,1.6749996575526893e-05,34
n12_q0.25_r12,12,0.25,243,203,227,1.5375000657513738e-05,28
n12_q0.25_r13,12,0.25,213,209,209,1.316699490416795e-05,26
n12_q0.25_r14,12,0.25,311,255,297,1.7042002582456917e-05,33
n12_q0.25_r15,12,0.25,223,210,210,1.2999997125007212e-05,23
n12_q0.25_r16,12,0.25,232,199,227,1.895800232887268e-05,37
n12_q0.25_r17,12,0.25,289,227,270,1.454199809813872e-05,21
n12_q0.25_r18,12,0.25,279,214,234,1.6584002878516912e-05,33
n12_q0.25_r19,12,0.25,258,235,252,2.6041998353321105e-05,51
n12_q0.5_r0,12,0.5,363,322,335,4.90829988848418e-05,92
n12_q0.5_r1,12,0.5,421,389,389,3.0499999411404133e-05,50
n12_q0.5_r2,12,0.5,390,352,370,4.837499727727845e-05,84
n12_q0.5_r3,12,0.5,355,303,346,7.820900646038353e-05,122
n12_q0.5_r4,12,0.5,483,442,461,5.620800220640376e-05,108
n12_q0.5_r5,12,0.5,382,308,358,5.5000004067551345e-05,112
n12_q0.5_r6,12,0.5,468,406,416,6.450000364566222e-05,93
n12_q0.5_r7,12,0.5,422,358,386,3.47500026691705e-05,57
n12_q0.5_r8,12,0.5,480,402,451,5.662500188918784e-05,105
n12_q0.5_r9,12,0.5,559,494,525,7.945799734443426e-05,108
n12_q0.5_r10,12,0.5,514,454,479,6.829199992353097e-05,96
n12_q0.5_r11,12,0.5,506,456,478,5.066599987912923e-05,87
n12_q0.5_r12,12,0.5,441,422,440,5.0499998906161636e-05,87
n12_q0.5_r13,12,0.5,483,442,465,5.812499875901267e-05,105
n12_q0.5_r14,12,0.5,506,462,505,6.633400334976614e-05,110
n12_q0.5_r15,12,0.5,554,472,554,6.883299647597596e-05,124
n12_q0.5_r16,12,0.5,456,446,456,4.291699588065967e-05,79
n12_q0.5_r17,12,0.5,394,335,394,2.9499999072868377e-05,67
n12_q0.5_r18,12,0.5,464,445,464,2.4499997380189598e-05,43
n12_q0.5_r19,12,0.5,213,184,202,4.400000034365803e-05,71
n12_q0.75_r0,12,0.75,486,436,465,7.308299973374233e-05,139
n12_q0.75_r1,12,0.75,547,503,547,0.00011641700257314369,172
n12_q0.75_r2,12,0.75,518,467,518,5.433400656329468e-05,108
n12_q0.75_r3,12,0.75,495,451,493,5.812499875901267e-05,104
n12_q0.75_r4,12,0.75,595,514,558,9.870800568023697e-05,162
n12_q0.75_r5,12,0.75,464,408,440,7.462500070687383e-05,138
n12_q0.75_r6,12,0.75,556,492,542,7.145800191210583e-05,131
n12_q0.75_r7,12,0.75,574,529,574,9.695799963083118e-05,155
n12_q0.75_r8,12,0.75,348,318,342,6.379199476214126e-05,118
n12_q0.75_r9,12,0.75,654,610,651,7.487500261049718e-05,113
n12_q0.75_r10,12,0.75,495,438,495,8.416700438829139e-05,143
n12_q0.75_r11,12,0.75,491,448,472,6.874999962747097e-05,119
n12_q0.75_r12,12,0.75,435,397,409,6.562499766005203e-05,100
n12_q0.75_r13,12,0.75,570,530,566,9.454200335312635e-05,161
n12_q0.75_r14,12,0.75,487,465,471,9.945900092134252e-05,157
n12_q0.75_r15,12,0.75,589,547,580,6.887500057928264e-05,165
n12_q0.75_r16,12,0.75,617,543,617,8.920799882616848e-05,148
n12_q0.75_r17,12,0.75,419,392,419,5.741699715144932e-05,79
n12_q0.75_r18,12,0.75,618,576,618,7.333299436140805e-05,139
n12_q0.75_r19,12,0.75,424,365,417,0.00010137500066775829,148
n12_q1.0_r0,12,1.0,671,626,660,8.237499423557892e-05,133
n12_q1.0_r1,12,1.0,438,415,432,7.100000220816582e-05,109
n12_q1.0_r2,12,1.0,520,482,514,0.00012920899462187663,177
n12_q1.0_r3,12,1.0,696,632,682,0.0001266250037588179,183
n12_q1.0_r4,12,1.0,600,544,570,8.329199772560969e-05,110
n12_q1.0_r5,12,1.0,735,671,735,9.204199886880815e-05,157
n12_q1.0_r6,12,1.0,578,535,569,8.804199751466513e-05,136
n12_q1.0_r7,12,1.0,579,542,577,0.0001442499997210689,183
n12_q1.0_r8,12,1.0,431,371,431,6.858300184831023e-05,112
n12_q1.0_r9,12,1.0,414,391,414,0.00010420900071039796,180
n12_q1.0_r10,12,1.0,429,413,429,0.00010966700210701674,216
n12_q1.0_r11,12,1.0,641,585,617,0.0001003340003080666,155
n12_q1.0_r12,12,1.0,775,685,733,7.395799912046641e-05,146
n12_q1.0_r13,12,1.0,651,607,651,0.00011233399709453806,203
n12_q1.0_r14,12,1.0,706,682,706,0.00010587499855319038,181
n12_q1.0_r15,12,1.0,583,528,554,7.120800000848249e-05,119
n12_q1.0_r16,12,1.0,644,595,641,8.625000191386789e-05,149
n12_q1.0_r17,12,1.0,547,547,547,0.000109583001176361,148
n12_q1.0_r18,12,1.0,552,535,552,6.674999895039946e-05,116
n12_q1.0_r19,12,1.0,574,539,573,0.00010229199688183144,193
n30_q0.25_r0,30,0.25,959,893,939,0.0002792919985949993,184
n30_q0.25_r1,30,0.25,727,654,701,0.00036908299807691947,231
n30_q0.25_r2,30,0.25,936,844,915,0.00031341700378106907,195
n30_q0.25_r3,30,0.25,870,791,851,0.0003040829978999682,236
n30_q0.25_r4,30,0.25,909,838,887,0.00034233300539199263,206
n30_q0.25_r5,30,0.25,933,849,899,0.0003722500041476451,243
n30_q0.25_r6,30,0.25,670,581,651,0.00042683300125645474,248
n30_q0.25_r7,30,0.25,938,832,891,0.00046054199628997594,250
n30_q0.25_r8,30,0.25,685,592,662,0.0003164160007145256,233
n30_q0.25_r9,30,0.25,821,753,800,0.00029799999902024865,212
n30_q0.25_r10,30,0.25,874,792,835,0.0003589590050978586,214
n30_q0.25_r11,30,0.25,814,747,803,0.00039329099672613665,245
n30_q0.25_r12,30,0.25,845,770,827,0.0003751250042114407,252
n30_q0.25_r13,30,0.25,695,604,664,0.00043570800335146487,237
n30_q0.25_r14,30,0.25,1105,998,1085,0.00032825000380398706,216
n30_q0.25_r15,30,0.25,987,919,961,0.0002821670059347525,210
n30_q0.25_r16,30,0.25,787,703,756,0.0004070840004715137,248
n30_q0.25_r17,30,0.25,759,690,737,0.00036791599995922297,235
n30_q0.25_r18,30,0.25,773,692,750,0.00042987499909941107,252
n30_q0.25_r19,30,0.25,562,477,537,0.0003455830010352656,233
n30_q0.5_r0,30,0.5,1075,972,1068,0.0008394579999730922,439
n30_q0.5_r1,30,0.5,1092,993,1076,0.0009798750033951364,416
n30_q0.5_r2,30,0.5,1151,1060,1146,0.0007377919973805547,356
n30_q0.5_r3,30,0.5,1256,1128,1251,0.0008603750029578805,484
n30_q0.5_r4,30,0.5,1132,1015,1121,0.000774416999774985,457
n30_q0.5_r5,30,0.5,1188,1092,1183,0.0008135000025504269,431
n30_q0.5_r6,30,0.5,1199,1086,1178,0.0007269589987117797,353
n30_q0.5_r7,30,0.5,1162,1019,1140,0.0008330839991685934,482
n30_q0.5_r8,30,0.5,1169,1065,1155,0.0007707080003456213,414
n30_q0.5_r9,30,0.5,1045,961,1039,0.000913707997824531,463
n30_q0.5_r10,30,0.5,1172,1063,1159,0.0006577910025953315,387
n30_q0.5_r11,30,0.5,1085,979,1076,0.0006528330050059594,372
n30_q0.5_r12,30,0.5,1249,1113,1224,0.0008289590041385964,435
n30_q0.5_r13,30,0.5,1153,1042,1144,0.000856708997162059,452
n30_q0.5_r14,30,0.5,1031,901,1001,0.0007890409979154356,385
n30_q0.5_r15,30,0.5,1180,1043,1161,0.0006880839937366545,416
n30_q0.5_r16,30,0.5,992,873,973,0.0007955830005812459,406
n30_q0.5_r17,30,0.5,934,871,918,0.0006824170050094835,402
n30_q0.5_r18,30,0.5,1053,963,1034,0.0008703749990672804,439
n30_q0.5_r19,30,0.5,1122,1028,1119,0.0007207500020740554,411
n30_q0.75_r0,30,0.75,1382,1267,1373,0.0009991250044549815,471
n30_q0.75_r1,30,0.75,1248,1172,1246,0.0013763339957222342,574
n30_q0.75_r2,30,0.75,1377,1277,1373,0.0012122499974793755,577
n30_q0.75_r3,30,0.75,1477,1363,1472,0.0010912910001934506,550
n30_q0.75_r4,30,0.75,1629,1538,1620,0.000966791994869709,562
n30_q0.75_r5,30,0.75,1300,1202,1291,0.0010800829986692406,554
n30_q0.75_r6,30,0.75,1376,1291,1364,0.0012637079998967238,501
n30_q0.75_r7,30,0.75,1377,1276,1366,0.0008445420025964268,540
n30_q0.75_r8,30,0.75,1568,1408,1550,0.000935666001169011,478
n30_q0.75_r9,30,0.75,1353,1293,1348,0.0009793749995878898,483
n30_q0.75_r10,30,0.75,1266,1189,1245,0.0007623330020578578,448
n30_q0.75_r11,30,0.75,1322,1222,1312,0.0010085419999086298,507
n30_q0.75_r12,30,0.75,1156,1060,1147,0.0008383340027648956,449
n30_q0.75_r13,30,0.75,1128,1037,1114,0.0008900839966372587,528
n30_q0.75_r14,30,0.75,1562,1438,1553,0.0008614580001449212,542
n30_q0.75_r15,30,0.75,1206,1084,1191,0.0007575839990749955,528
n30_q0.75_r16,30,0.75,1217,1166,1214,0.0010699579943320714,549
n30_q0.75_r17,30,0.75,1020,941,1013,0.001066333003109321,505
n30_q0.75_r18,30,0.75,1476,1310,1449,0.0010649999967426993,557
n30_q0.75_r19,30,0.75,1505,1372,1492,0.0009249579961760901,451
n30_q1.0_r0,30,1.0,1295,1218,1266,0.000978374999249354,606
n30_q1.0_r1,30,1.0,1344,1294,1331,0.0012234170062583871,647
n30_q1.0_r2,30,1.0,1643,1598,1643,0.0011036250070901588,556
n30_q1.0_r3,30,1.0,1567,1451,1559,0.0011689579987432808,587
n30_q1.0_r4,30,1.0,1603,1522,1593,0.0008191669985535555,409
n30_q1.0_r5,30,1.0,1558,1498,1558,0.0011439579975558445,643
n30_q1.0_r6,30,1.0,1534,1481,1521,0.001142708002589643,610
n30_q1.0_r7,30,1.0,1366,1342,1366,0.0010634999998728745,614
n30_q1.0_r8,30,1.0,1782,1695,1772,0.0009597500029485673,471
n30_q1.0_r9,30,1.0,1353,1307,1353,0.0011820409999927506,677
n30_q1.0_r10,30,1.0,1208,1176,1205,0.0008560830028727651,501
n30_q1.0_r11,30,1.0,1824,1721,1815,0.0012215419992571697,611
n30_q1.0_r12,30,1.0,1453,1428,1452,0.0011413749962230213,604
n30_q1.0_r13,30,1.0,1618,1588,1616,0.0008738749966141768,458
n30_q1.0_r14,30,1.0,1567,1557,1567,0.0009884579994832166,582
n30_q1.0_r15,30,1.0,1768,1729,1768,0.0011687090009218082,560
n30_q1.0_r16,30,1.0,1772,1670,1757,0.0009993330022552982,634
n30_q1.0_r17,30,1.0,1442,1386,1442,0.0010504999954719096,550
n30_q1.0_r18,30,1.0,1496,1460,1492,0.0008808749989839271,477
n30_q1.0_r19,30,1.0,1620,1539,1618,0.001022292002744507,592
n100_q0.25_r0,100,0.25,2351,2104,2329,0.007176833001722116,923
n100_q0.25_r1,100,0.25,2469,2199,2452,0.007382875002804212,944
n100_q0.25_r2,100,0.25,2619,2360,2598,0.007551334005256649,966
n100_q0.25_r3,100,0.25,2482,2216,2461,0.007192916003987193,964
n100_q0.25_r4,100,0.25,3046,2809,3025,0.006816249995608814,917
n100_q0.25_r5,100,0.25,3022,2763,3002,0.007382166993920691,945
n100_q0.25_r6,100,0.25,2836,2593,2810,0.006719249999150634,903
n100_q0.25_r7,100,0.25,2650,2377,2624,0.0074541670037433505,949
n100_q0.25_r8,100,0.25,2694,2423,2668,0.007321583994780667,971
n100_q0.25_r9,100,0.25,2556,2278,2534,0.007446832998539321,993
n100_q0.25_r10,100,0.25,2577,2310,2555,0.007663208001758903,972
n100_q0.25_r11,100,0.25,2767,2529,2746,0.007360083000094164,959
n100_q0.25_r12,100,0.25,2949,2637,2920,0.007404666997899767,949
n100_q0.25_r13,100,0.25,2701,2444,2681,0.008344084002601448,983
n100_q0.25_r14,100,0.25,2796,2519,2773,0.007943917000375222,984
n100_q0.25_r15,100,0.25,2823,2567,2799,0.007968499994603917,963
n100_q0.25_r16,100,0.25,2887,2607,2857,0.007165292001445778,954
n100_q0.25_r17,100,0.25,2833,2558,2808,0.007425832998706028,982
n100_q0.25_r18,100,0.25,2799,2516,2775,0.007495833997381851,956
n100_q0.25_r19,100,0.25,2872,2583,2847,0.007084374999976717,921
n100_q0.5_r0,100,0.5,3729,3407,3716,0.013770416997431312,1642
n100_q0.5_r1,100,0.5,3908,3511,3895,0.011610166999162175,1575
n100_q0.5_r2,100,0.5,3680,3317,3669,0.012744791005388834,1583
n100_q0.5_r3,100,0.5,4285,3995,4277,0.012840249997680075,1550
n100_q0.5_r4,100,0.5,4078,3723,4069,0.012509082996984944,1582
n100_q0.5_r5,100,0.5,3804,3448,3791,0.01226120900537353,1521
n100_q0.5_r6,100,0.5,4471,4088,4450,0.0122895829990739,1526
n100_q0.5_r7,100,0.5,4154,3730,4135,0.012840374998631887,1532
n100_q0.5_r8,100,0.5,4034,3733,4022,0.011938083000131883,1547
n100_q0.5_r9,100,0.5,4306,3849,4287,0.013583250001829583,1648
n100_q0.5_r10,100,0.5,3838,3520,3824,0.012342540998361073,1517
n100_q0.5_r11,100,0.5,4185,3814,4169,0.012639207998290658,1609
n100_q0.5_r12,100,0.5,4052,3705,4040,0.012806457998522092,1635
n100_q0.5_r13,100,0.5,3897,3494,3882,0.013187333002861124,1644
n100_q0.5_r14,100,0.5,4168,3776,4147,0.012421375002304558,1571
n100_q0.5_r15,100,0.5,4138,3818,4121,0.012678500002948567,1511
n100_q0.5_r16,100,0.5,4194,3798,4176,0.012478541997552384,1556
n100_q0.5_r17,100,0.5,4131,3773,4114,0.012272958003450185,1588
n100_q0.5_r18,100,0.5,3967,3580,3953,0.01346012500289362,1591
n100_q0.5_r19,100,0.5,3586,3216,3574,0.013129124999977648,1614
n100_q0.75_r0,100,0.75,4633,4366,4628,0.016226041996560525,1986
n100_q0.75_r1,100,0.75,4962,4638,4954,0.016122499997436535,1940
n100_q0.75_r2,100,0.75,4654,4347,4643,0.014780332996451762,1912
n100_q0.75_r3,100,0.75,5012,4717,5006,0.015400416996271815,1920
n100_q0.75_r4,100,0.75,4668,4404,4660,0.015630374997272156,1895
n100_q0.75_r5,100,0.75,4624,4328,4616,0.01779250000254251,2041
n100_q0.75_r6,100,0.75,4864,4543,4858,0.01504591699631419,1855
n100_q0.75_r7,100,0.75,4649,4315,4643,0.016003209006157704,2012
n100_q0.75_r8,100,0.75,4422,4196,4416,0.015362958998593967,1912
n100_q0.75_r9,100,0.75,4270,3987,4262,0.015633290997357108,1952
n100_q0.75_r10,100,0.75,4256,3967,4252,0.015599999998812564,1966
n100_q0.75_r11,100,0.75,4904,4516,4894,0.015660167002351955,1926
n100_q0.75_r12,100,0.75,4874,4561,4867,0.016753999996581115,2024
n100_q0.75_r13,100,0.75,4685,4318,4672,0.016689625001163222,1984
n100_q0.75_r14,100,0.75,4458,4193,4456,0.015443290998518933,1946
n100_q0.75_r15,100,0.75,4577,4282,4570,0.016514625000127126,1932
n100_q0.75_r16,100,0.75,4377,4053,4369,0.016059415997006,1960
n100_q0.75_r17,100,0.75,4893,4586,4887,0.015326959000958595,1994
n100_q0.75_r18,100,0.75,4711,4375,4703,0.015944917002343573,2028
n100_q0.75_r19,100,0.75,5113,4712,5103,0.01679041700117523,1986
n100_q1.0_r0,100,1.0,5207,5044,5205,0.016876041998330038,2186
n100_q1.0_r1,100,1.0,5076,4861,5073,0.01767324999673292,2252
n100_q1.0_r2,100,1.0,5074,4938,5074,0.016898375004529953,2175
n100_q1.0_r3,100,1.0,4515,4389,4511,0.017344584004604258,2156
n100_q1.0_r4,100,1.0,4478,4387,4478,0.015495125000597909,2034
n100_q1.0_r5,100,1.0,5043,4899,5043,0.01743512500252109,2221
n100_q1.0_r6,100,1.0,5545,5332,5538,0.01752275000035297,2175
n100_q1.0_r7,100,1.0,5285,5087,5283,0.016886707999219652,2138
n100_q1.0_r8,100,1.0,5021,4938,5020,0.01592641699971864,2068
n100_q1.0_r9,100,1.0,5796,5584,5796,0.01565395800571423,2045
n100_q1.0_r10,100,1.0,5325,5224,5324,0.016206874999625143,1994
n100_q1.0_r11,100,1.0,5027,4899,5027,0.016912291997869033,2080
n100_q1.0_r12,100,1.0,4816,4667,4816,0.01766312499967171,2125
n100_q1.0_r13,100,1.0,4738,4616,4738,0.01821616599772824,2127
n100_q1.0_r14,100,1.0,5034,4898,5032,0.01829333299974678,2119
n100_q1.0_r15,100,1.0,4620,4456,4619,0.01935970799968345,2298
n100_q1.0_r16,100,1.0,5167,5015,5167,0.02264295899658464,2171
n100_q1.0_r17,100,1.0,4941,4776,4941,0.01738683399889851,2120
n100_q1.0_r18,100,1.0,5174,5038,5170,0.017427333994419314,2140
n100_q1.0_r19,100,1.0,4512,4389,4511,0.019017665996216238,2155
