occupation,task_id,before,after,old_date,new_date
19-3033.00,22181,"Observe individuals at play, in group interactions, or in other contexts to detect indications of mental deficiency, abnormal behavior, or maladjustment.","Observe individuals at play, in group interactions, or in other contexts to detect indications of cognitive, intellectual, or developmental disabilities.",08/2022,08/2024
21-1012.00,5634,"Provide disabled students with assistive devices, supportive technology, and assistance accessing facilities, such as restrooms.","Provide students with disabilities with assistive devices, supportive technology, and assistance accessing facilities, such as restrooms.",08/2018,08/2024
25-2011.00,6494,"Provide disabled students with assistive devices, supportive technology, and assistance accessing facilities, such as restrooms.","Provide students with disabilities with assistive devices, supportive technology, and assistance accessing facilities, such as restrooms.",08/2019,08/2019
25-2012.00,6534,"Provide disabled students with assistive devices, supportive technology, and assistance accessing facilities, such as restrooms.","Provide students with disabilities with assistive devices, supportive technology, and assistance accessing facilities, such as restrooms.",08/2018,08/2018
25-2021.00,6571,"Provide disabled students with assistive devices, supportive technology, and assistance accessing facilities, such as restrooms.","Provide students with disabilities with assistive devices, supportive technology, and assistance accessing facilities, such as restrooms.",08/2018,08/2024
25-2022.00,6606,"Provide disabled students with assistive devices, supportive technology, and assistance accessing facilities, such as restrooms.","Provide students with disabilities with assistive devices, supportive technology, and assistance accessing facilities, such as restrooms.",08/2018,08/2024
25-2023.00,6628,"Provide disabled students with assistive devices, supportive technology, and assistance accessing facilities, such as restrooms.","Provide students with disabilities with assistive devices, supportive technology, and assistance accessing facilities, such as restrooms.",08/2018,08/2018
25-2031.00,6670,"Provide disabled students with assistive devices, supportive technology, and assistance accessing facilities such as restrooms.","Provide students with disabilities with assistive devices, supportive technology, and assistance accessing facilities such as restrooms.",08/2018,08/2018
25-2032.00,6703,"Provide disabled students with assistive devices, supportive technology, and assistance accessing facilities, such as restrooms.","Provide students with disabilities with assistive devices, supportive technology, and assistance accessing facilities, such as restrooms.",08/2018,08/2018
25-2051.00,19074,Modify the general preschool curriculum for special-needs students.,Modify the general preschool curriculum for students with disabilities.,08/2019,08/2019
25-2055.00,22340,"Instruct special needs students in academic subjects, using a variety of techniques, such as phonetics, multisensory learning, or repetition to reinforce learning and meet students' varying needs.","Instruct students with disabilities in academic subjects, using a variety of techniques, such as phonetics, multisensory learning, or repetition to reinforce learning and meet students' varying needs.",11/2020,11/2020
25-2055.00,22344,Modify the general kindergarten education curriculum for special-needs students.,Modify the general kindergarten education curriculum for students with disabilities.,11/2020,11/2020
25-2056.00,22371,"Instruct special needs students in academic subjects, using a variety of techniques, such as phonetics, multisensory learning, or repetition to reinforce learning and meet students' varying needs.","Instruct students with disabilities in academic subjects, using a variety of techniques, such as phonetics, multisensory learning, or repetition to reinforce learning and meet students' varying needs.",11/2020,11/2020
25-2056.00,22376,Modify the general elementary education curriculum for special-needs students.,Modify the general elementary education curriculum for students with disabilities.,11/2020,11/2020
25-2057.00,6750,"Modify the general education curriculum for special-needs students, based upon a variety of instructional techniques and instructional technology.","Modify the general education curriculum for students with disabilities, based upon a variety of instructional techniques and instructional technology.",08/2018,08/2018
25-2058.00,6796,"Modify the general education curriculum for special-needs students, based upon a variety of instructional techniques and technologies.","Modify the general education curriculum for students with disabilities, based upon a variety of instructional techniques and technologies.",08/2018,08/2018
25-3011.00,6858,"Provide disabled students with assistive devices, supportive technology, and assistance accessing facilities, such as restrooms.","Provide students with disabilities with assistive devices, supportive technology, and assistance accessing facilities, such as restrooms.",08/2018,08/2018
25-3031.00,22400,"Provide disabled students with assistive devices, supportive technology, or assistance accessing facilities, such as restrooms.","Provide students with disabilities with assistive devices, supportive technology, or assistance accessing facilities, such as restrooms.",11/2020,11/2020
25-9043.00,22507,"Provide disabled students with assistive devices, supportive technology, and assistance accessing facilities, such as restrooms.","Provide students with disabilities with assistive devices, supportive technology, and assistance accessing facilities, such as restrooms.",11/2020,11/2020
29-1024.00,7748,"Restore function and aesthetics to traumatic injury victims, or to individuals with diseases or birth defects.","Restore function and aesthetics to traumatic injury survivors, or to individuals with diseases or congenital disabilities.",07/2012,08/2024
29-1122.00,351,"Plan, organize, and conduct occupational therapy programs in hospital, institutional, or community settings to help rehabilitate those impaired because of illness, injury or psychological or developmental problems.","Plan, organize, and conduct occupational therapy programs in hospital, institutional, or community settings to help rehabilitate persons with disabilities because of illness, injury or psychological or developmental problems.",08/2021,08/2021
29-1127.00,1882,"Communicate with non-speaking students, using sign language or computer technology.","Communicate with students who use an alternative method of communications, using sign language or computer technology.",08/2022,08/2022
29-1299.02,18434,Develop or use special test and communication techniques to facilitate diagnosis and treatment of children or disabled patients.,Develop or use special test and communication techniques to facilitate diagnosis and treatment of children or patients with disabilities.,08/2021,08/2021
29-2011.01,17391,"Analyze chromosomes found in biological specimens to aid diagnoses and treatments for genetic diseases such as congenital birth defects, fertility problems, and hematological disorders.","Analyze chromosomes found in biological specimens to aid diagnoses and treatments for genetic diseases such as congenital disabilities, fertility problems, and hematological disorders.",08/2021,08/2021
29-2034.00,22821,"Provide assistance in dressing or changing seriously ill, injured, or disabled patients.",Provide assistance in dressing or changing seriously ill or injured patients or patients with disabilities.,08/2022,08/2022
29-2042.00,22856,"Communicate with dispatchers or treatment center personnel to provide information about situation, to arrange reception of victims, or to receive instructions for further treatment.","Communicate with dispatchers or treatment center personnel to provide information about situation, to arrange reception of survivors, or to receive instructions for further treatment.",11/2020,11/2020
29-2053.00,6945,"Provide nursing, psychiatric, or personal care to mentally ill, emotionally disturbed, or mentally retarded patients.","Provide nursing, psychiatric, or personal care to patients with cognitive, intellectual, or developmental disabilities.",08/2023,08/2023
29-2053.00,6949,"Collaborate with or assist doctors, psychologists, or rehabilitation therapists in working with mentally ill, emotionally disturbed, or developmentally disabled patients to treat, rehabilitate, and return patients to the community.","Collaborate with or assist doctors, psychologists, or rehabilitation therapists in working with patients with cognitive, intellectual, or developmental disabilities to treat, rehabilitate, and return patients to the community.",08/2023,08/2023
31-1121.00,4252,Care for children who are disabled or who have sick or disabled parents.,Care for children with disabilities or who have sick parents or parents with disabilities.,07/2014,07/2014
31-1133.00,1994,"Provide mentally impaired or emotionally disturbed patients with routine physical, emotional, psychological, or rehabilitation care under the direction of nursing or medical staff.","Provide patients with cognitive, intellectual, or developmental disabilities with routine physical, emotional, psychological, or rehabilitation care under the direction of nursing or medical staff.",08/2023,08/2023
31-2011.00,4259,"Evaluate the daily living skills or capacities of physically, developmentally, or emotionally disabled clients.","Evaluate the daily living skills or capacities of clients with physical, developmental, or mental health disabilities.",08/2022,08/2022
31-2012.00,9402,"Evaluate the living skills and capacities of physically, developmentally, or emotionally disabled clients.","Evaluate the living skills and capacities of clients with physical, developmental, or mental health disabilities.",08/2020,08/2020
33-2011.00,22961,"Rescue victims from burning buildings, accident sites, and water hazards.","Rescue survivors from burning buildings, accident sites, and water hazards.",08/2022,08/2022
33-2011.00,22989,Search to locate fire victims.,Search to locate fire survivors.,11/2020,11/2020
33-3021.02,18713,"Interview victims, witnesses, suspects, and other law enforcement personnel.","Interview survivors, witnesses, suspects, and other law enforcement personnel.",08/2018,08/2018
33-3051.00,23054,Render aid to accident victims and other persons requiring first aid for physical injuries.,Render aid to accident survivors and other persons requiring first aid for physical injuries.,08/2022,08/2022
33-9094.00,23082,"Assist disabled children or children with psychological, emotional, or behavioral issues with boarding and exiting the school bus.","Assist children with disabilities or children with psychological, emotional, or behavioral issues with boarding and exiting the school bus.",11/2020,11/2020
39-6011.00,2318,Assist physically challenged travelers and other guests with special needs.,Assist travelers and guests with disabilities.,08/2018,08/2018
39-9011.00,18763,"Provide care for mentally disturbed, delinquent, or handicapped children.","Provide care for children with physical, developmental, or mental health disabilities.",08/2018,08/2018
39-9011.00,2332,"Care for children in institutional setting, such as group homes, nursery schools, private businesses, or schools for the handicapped.","Care for children in institutional setting, such as group homes, nursery schools, private businesses, or schools for people with disabilities.",08/2018,08/2018
43-2021.00,13254,Provide relay service for hearing-impaired users.,Provide relay service for users who are deaf or hard of hearing.,06/2007,08/2024
53-2031.00,9643,"Determine special assistance needs of passengers, such as small children, the elderly, or disabled persons.","Determine special assistance needs of passengers, such as small children, the elderly, or persons with disabilities.",08/2021,08/2021
53-3032.00,10641,"Drive trucks with capacities greater than 3 tons, including tractor-trailer combinations, to transport and deliver products, livestock, or other materials.","Drive trucks with capacities greater than 13 tons, including tractor-trailer combinations, to transport and deliver products, livestock, or other materials.",08/2022,08/2022
53-3052.00,18795,"Assist passengers, such as elderly or disabled individuals, on and off bus, ensure they are seated properly, help carry baggage, and answer questions about bus schedules or routes.","Assist passengers, such as elderly or individuals with disabilities, on and off bus, ensure they are seated properly, help carry baggage, and answer questions about bus schedules or routes.",08/2018,08/2018
