event_id,unit_id,method,observed_at,raw_value,measurement_unit
e001,u01,A,2026-01-15,3.950000,score
e002,u01,A,2026-01-15,4.050000,score
e003,u01,B,2026-01-15,5.350000,score
e004,u01,B,2026-01-15,5.450000,score
e005,u01,B,2026-01-15,5.550000,score
e006,u01,B,2026-01-15,5.650000,score
e007,u02,A,2026-01-15,4.900000,score
e008,u02,A,2026-01-15,5.000000,score
e009,u02,A,2026-01-15,5.100000,score
e010,u02,B,2026-01-15,5.950000,score
e011,u02,B,2026-01-15,6.050000,score
e012,u03,A,2026-01-15,6.000000,score
e013,u03,B,2026-01-15,6.400000,score
e014,u03,B,2026-01-15,6.500000,score
e015,u03,B,2026-01-15,6.600000,score
e016,u04,A,2026-01-15,6.950000,score
e017,u04,A,2026-01-15,7.050000,score
e018,u04,B,2026-01-15,7.850000,score
e019,u04,B,2026-01-15,7.950000,score
e020,u04,B,2026-01-15,8.050000,score
e021,u04,B,2026-01-15,8.150000,score
e022,u05,A,2026-01-15,7.900000,score
e023,u05,A,2026-01-15,8.000000,score
e024,u05,A,2026-01-15,8.100000,score
e025,u05,B,2026-01-15,6950.000000,subscore
e026,u05,B,2026-01-15,7050.000000,subscore
e027,u06,A,2026-01-15,9.000000,score
e028,u06,B,2026-01-15,6900.000000,subscore
e029,u06,B,2026-01-15,7000.000000,subscore
e030,u06,B,2026-01-15,7100.000000,subscore
e031,u07,A,2026-01-15,9.950000,score
e032,u07,A,2026-01-15,10.050000,score
e033,u07,B,2026-01-15,6850.000000,subscore
e034,u07,B,2026-01-15,6950.000000,subscore
e035,u07,B,2026-01-15,7050.000000,subscore
e036,u07,B,2026-01-15,7150.000000,subscore
e037,u08,A,2026-01-15,10.900000,score
e038,u08,A,2026-01-15,11.000000,score
e039,u08,A,2026-01-15,11.100000,score
e040,u08,B,2026-01-15,5950.000000,subscore
e041,u08,B,2026-01-15,6050.000000,subscore
e004,u01,B,2026-01-15,5.450000,score
e041,u08,B,2026-01-15,6050.000000,subscore
