claim_id,document,line_start,line_end,claim_sha256,evidence_ids,status
C002,manuscript.md,2,4,51b6fcc965a235b2edb663764d2c5470286b7c20880e0d06915c8da0d0e8d8e5,"E001,E002,E003",Agent_checked_human_unverified
C001,manuscript.md,7,9,2b21ba9659c313ef08d9bd2a7a7823d8e93ab6cfeae3f316860b0684c0e8a8fd,"E001,E002,E005,E006",Agent_checked_human_unverified
C003,manuscript.md,12,14,ef3736d38e6c48afa332a94250f347c0315cc15fd6319b73f64bd9dbd6f3f2ab,"E001,E002",Agent_checked_human_unverified
C004,manuscript.md,19,21,5d1032fcfc3567e1de737c231a1ca08af9325692e26ac3aefb4fd97802aa28b2,"E002,E003,E004,E005",Agent_checked_human_unverified
C005,manuscript.md,24,26,2a2926f907a9917f791223012220a70c08017dac305c5a0d708bfa1659c058cc,"E001,E002,E005",Agent_checked_human_unverified
C006,manuscript.md,27,29,4b3b01f2bcdc9f44a236353f5a33f848a9449ef033948650e2475143ddcd47ef,"E002,E005",Agent_checked_human_unverified
C007,manuscript.md,32,34,7e30b4635e727c8631c969c8999509c2f50b9342f9029b8db33326f5e94ec1f6,"E001,E002,E005,E006",Agent_checked_human_unverified
C008,manuscript.md,39,41,ce2a9277a941cf92d25fd0928ac71986307f3cd45df042587c5e764b2ba7ff83,"E003,E004,E005",Agent_checked_human_unverified
C009,manuscript.md,42,49,83b85762c9a98d1aff98e36036d9417a14b726f3873c9d16b3deb556499a40a2,E005,Agent_checked_human_unverified
C010,manuscript.md,50,52,a120577099cd0fbbf04c45ced15fb645bebd8fdbd2743c0ffe164a5117242c09,"E005,E007",Agent_checked_human_unverified
C011,manuscript.md,55,57,9cfd3d46d1e24111cd7c113810445b735c252d057531326500e20f13ddde4c77,"E005,E006",Agent_checked_human_unverified
C012,manuscript.md,58,60,e2f9eabd263259f2a3c0f68d06763bb32c81945737e5289ea4f16ba69d081033,"E005,E006",Agent_checked_human_unverified
C013,manuscript.md,63,65,cea5ff3c4cd19e2e5f16ce5ce621ed2d4c9a545c6eea79248f46b11e4cbeacbd,"E001,E005,E006",Agent_checked_human_unverified
C014,manuscript.md,66,68,98a6245aa8da947230641cfc2e1a5428863aacf5202c2fa530e361ab611e559d,"E001,E002,E003,E005",Agent_checked_human_unverified
C015,manuscript.md,71,73,3da05a395fb5044f6e613b1e662ab603446e48a1f56cb115ad889aa387e8c49d,"E001,E005,E006",Agent_checked_human_unverified
C016,manuscript.md,76,78,383092778996ab606965049b286e8f5a8b4e716c1cdeaf1b3c5c2792781e2a80,"E001,E002,E003,E005,E006,E007,E008",Agent_checked_human_unverified
C017,caption.md,2,4,e7145f8769484f1c38ddeb851363ec4c1f05d0667c5c03184757bc56888a5714,"E001,E002,E005,E007",Agent_checked_human_unverified
