g1_weight,g2_weight,difference_A_minus_B
0.0,1.0,3.0
0.01,0.99,2.96
0.02,0.98,2.92
0.03,0.97,2.8800000000000003
0.04,0.96,2.84
0.05,0.95,2.8
0.06,0.94,2.76
0.07,0.9299999999999999,2.72
0.08,0.92,2.68
0.09,0.91,2.64
0.1,0.9,2.6
0.11,0.89,2.56
0.12,0.88,2.52
0.13,0.87,2.48
0.14,0.86,2.44
0.15,0.85,2.4
0.16,0.84,2.36
0.17,0.83,2.32
0.18,0.8200000000000001,2.28
0.19,0.81,2.24
0.2,0.8,2.2
0.21,0.79,2.16
0.22,0.78,2.1199999999999997
0.23,0.77,2.08
0.24,0.76,2.04
0.25,0.75,2.0
0.26,0.74,1.9599999999999997
0.27,0.73,1.92
0.28,0.72,1.8800000000000001
0.29,0.71,1.8399999999999999
0.3,0.7,1.7999999999999996
0.31,0.69,1.7599999999999998
0.32,0.6799999999999999,1.72
0.33,0.6699999999999999,1.6799999999999997
0.34,0.6599999999999999,1.6399999999999997
0.35000000000000003,0.6499999999999999,1.5999999999999996
0.36,0.64,1.56
0.37,0.63,1.52
0.38,0.62,1.48
0.39,0.61,1.44
0.4,0.6,1.4
0.41000000000000003,0.59,1.3599999999999999
0.42,0.5800000000000001,1.3200000000000003
0.43,0.5700000000000001,1.2800000000000002
0.44,0.56,1.2400000000000002
0.45,0.55,1.2000000000000002
0.46,0.54,1.1600000000000001
0.47000000000000003,0.53,1.12
0.48,0.52,1.08
0.49,0.51,1.04
0.5,0.5,1.0
0.51,0.49,0.96
0.52,0.48,0.9199999999999999
0.53,0.47,0.8799999999999999
0.54,0.45999999999999996,0.8399999999999999
0.55,0.44999999999999996,0.7999999999999998
0.56,0.43999999999999995,0.7599999999999998
0.5700000000000001,0.42999999999999994,0.7199999999999998
0.58,0.42000000000000004,0.6800000000000003
0.59,0.41000000000000003,0.64
0.6,0.4,0.6000000000000002
0.61,0.39,0.5599999999999999
0.62,0.38,0.5200000000000001
0.63,0.37,0.47999999999999987
0.64,0.36,0.44000000000000006
0.65,0.35,0.3999999999999998
0.66,0.33999999999999997,0.36
0.67,0.32999999999999996,0.31999999999999984
0.68,0.31999999999999995,0.2799999999999998
0.6900000000000001,0.30999999999999994,0.23999999999999977
0.7000000000000001,0.29999999999999993,0.19999999999999973
0.71,0.29000000000000004,0.16000000000000014
0.72,0.28,0.1200000000000001
0.73,0.27,0.08000000000000007
0.74,0.26,0.040000000000000036
0.75,0.25,0.0
0.76,0.24,-0.040000000000000036
0.77,0.22999999999999998,-0.08000000000000007
0.78,0.21999999999999997,-0.1200000000000001
0.79,0.20999999999999996,-0.16000000000000014
0.8,0.19999999999999996,-0.20000000000000018
0.81,0.18999999999999995,-0.2400000000000002
0.8200000000000001,0.17999999999999994,-0.28000000000000025
0.8300000000000001,0.16999999999999993,-0.3200000000000003
0.84,0.16000000000000003,-0.3599999999999999
0.85,0.15000000000000002,-0.3999999999999999
0.86,0.14,-0.43999999999999995
0.87,0.13,-0.48
0.88,0.12,-0.52
0.89,0.10999999999999999,-0.56
0.9,0.09999999999999998,-0.6000000000000001
0.91,0.08999999999999997,-0.6400000000000001
0.92,0.07999999999999996,-0.6800000000000002
0.93,0.06999999999999995,-0.7200000000000002
0.9400000000000001,0.05999999999999994,-0.7600000000000002
0.9500000000000001,0.04999999999999993,-0.8000000000000003
0.96,0.040000000000000036,-0.8399999999999999
0.97,0.030000000000000027,-0.8799999999999999
0.98,0.020000000000000018,-0.9199999999999999
0.99,0.010000000000000009,-0.96
1.0,0.0,-1.0
