instant,dteday,season,yr,mnth,hr,holiday,weekday,workingday,weathersit,temp,atemp,hum,windspeed,casual,registered,cnt
1,2011-01-01,1,0,1,0,0,6,0,1,0.24,0.2879,0.81,0,3,13,16
2,2011-01-01,1,0,1,1,0,6,0,1,0.22,0.2727,0.8,0,8,32,40
3,2011-01-01,1,0,1,2,0,6,0,1,0.22,0.2727,0.8,0,5,27,32
4,2011-01-01,1,0,1,3,0,6,0,1,0.24,0.2879,0.75,0,3,10,13
5,2011-01-01,1,0,1,4,0,6,0,1,0.24,0.2879,0.75,0,0,1,1
6,2011-01-01,1,0,1,5,0,6,0,2,0.24,0.2576,0.75,0.0896,0,1,1
7,2011-01-01,1,0,1,6,0,6,0,1,0.22,0.2727,0.8,0,2,0,2
8,2011-01-01,1,0,1,7,0,6,0,1,0.2,0.2576,0.86,0,1,2,3
9,2011-01-01,1,0,1,8,0,6,0,1,0.24,0.2879,0.75,0,1,7,8
10,2011-01-01,1,0,1,9,0,6,0,1,0.32,0.3485,0.76,0,8,6,14
11,2011-01-01,1,0,1,10,0,6,0,1,0.38,0.3939,0.76,0.2537,12,24,36
12,2011-01-01,1,0,1,11,0,6,0,1,0.36,0.3333,0.81,0.2836,26,30,56
586,2011-01-26,1,0,1,16,0,3,1,4,0.22,0.197,0.93,0.3284,1,35,36
8855,2012-01-09,1,1,1,18,0,1,1,4,0.2,0.2273,0.86,0.0896,6,158,164
9124,2012-01-21,1,1,1,1,0,6,0,4,0.14,0.1364,0.86,0.194,1,22,23
19,2011-01-01,1,0,1,18,0,6,0,3,0.42,0.4242,0.88,0.2537,9,26,35
20,2011-01-01,1,0,1,19,0,6,0,3,0.42,0.4242,0.88,0.2537,6,31,37
30,2011-01-02,1,0,1,6,0,0,0,3,0.42,0.4242,0.77,0.2985,0,2,2
32,2011-01-02,1,0,1,8,0,0,0,3,0.4,0.4091,0.71,0.2239,0,8,8
38,2011-01-02,1,0,1,14,0,0,0,3,0.36,0.3485,0.76,0.194,4,55,59
39,2011-01-02,1,0,1,15,0,0,0,3,0.34,0.3333,0.81,0.1642,19,55,74
40,2011-01-02,1,0,1,16,0,0,0,3,0.34,0.3333,0.71,0.1642,9,67,76
143,2011-01-07,1,0,1,5,0,5,1,3,0.22,0.2727,0.55,0,0,5,5
