file,MeasureID,GeoType,TimePeriodID,n,missing
2185,781,Borough,41,5,0
2185,781,Borough,46,5,0
2185,781,Borough,298,5,0
2185,781,Citywide,41,1,0
2185,781,Citywide,46,1,0
2185,781,Citywide,298,1,0
2185,781,PUMA2010,41,55,0
2185,781,PUMA2010,46,55,0
2185,781,PUMA2020,298,55,20
2185,781,Subboro,41,55,0
2185,781,Subboro,46,55,0
2185,781,Subboro,298,56,20
2185,781,UHF42,41,42,0
2185,781,UHF42,46,42,0
2185,782,Borough,41,5,0
2185,782,Borough,46,5,0
2185,782,Citywide,41,1,0
2185,782,Citywide,46,1,0
2185,782,PUMA2010,41,55,0
2185,782,PUMA2010,46,55,0
2185,782,Subboro,41,55,0
2185,782,Subboro,46,55,0
2185,1045,Borough,41,5,0
2185,1045,Borough,46,5,0
2185,1045,Borough,298,5,0
2185,1045,Citywide,41,1,0
2185,1045,Citywide,46,1,0
2185,1045,Citywide,298,1,0
2185,1045,PUMA2010,41,55,0
2185,1045,PUMA2010,46,55,0
2185,1045,PUMA2020,298,55,20
2185,1045,Subboro,41,55,0
2185,1045,Subboro,46,55,0
2157,708,Borough,41,5,0
2157,708,Citywide,41,1,0
2157,708,UHF42,41,42,0
2143,690,Borough,14,5,0
2143,690,Borough,46,5,0
2143,690,CD,46,59,0
2143,690,Citywide,14,1,0
2143,690,Citywide,46,1,0
2143,690,NTA2010,46,188,0
2143,690,UHF42,14,42,0
2143,690,UHF42,46,42,0
2141,688,Borough,47,5,0
2141,688,CD,47,59,0
2141,688,Citywide,47,1,0
2141,688,NTA2010,47,188,0
2141,688,UHF42,47,42,0
