GeoType,GeoID,ac2014,ac2014_CI,ac2014_Note,canopy2014,canopy2014_CI,canopy2014_Note,ac2017,ac2017_CI,ac2017_Note,vegetation2017,vegetation2017_CI,vegetation2017_Note,surface2018_F,surface2018_F_CI,surface2018_F_Note,Name,Borough,no_ac2014,no_ac2017,frontier2014,frontier2017
UHF42,101,90.6,,,46.9313,,,89.0,,,63.0,,,92.1609,,,Kingsbridge - Riverdale,Bronx,9.400000000000006,11.0,False,False
UHF42,102,88.0,,,20.4548,,,87.1,,* Estimate is based on small numbers so should be interpreted with caution.,36.0,,,99.2054,,,Northeast Bronx,Bronx,12.0,12.900000000000006,False,False
UHF42,103,83.9,,,25.8705,,,85.7,,,40.0,,,95.5097,,,Fordham - Bronx Pk,Bronx,16.099999999999994,14.299999999999997,False,False
UHF42,104,84.9,,,22.3106,,,90.2,,* Estimate is based on small numbers so should be interpreted with caution.,46.0,,,95.9564,,,Pelham - Throgs Neck,Bronx,15.099999999999994,9.799999999999997,False,False
UHF42,105,79.2,,,21.4424,,,79.1,,,32.0,,,97.6973,,,Crotona - Tremont,Bronx,20.799999999999997,20.900000000000006,False,True
UHF42,106,78.9,,,12.986,,,82.4,,,21.0,,,99.4396,,,High Bridge - Morrisania,Bronx,21.099999999999994,17.599999999999994,False,True
UHF42,107,74.3,,,7.084,,,83.3,,,18.0,,,100.6503,,,Hunts Point - Mott Haven,Bronx,25.700000000000003,16.700000000000003,True,True
UHF42,201,85.8,,,8.8518,,,93.4,,,14.0,,,99.579,,,Greenpoint,Brooklyn,14.200000000000003,6.599999999999994,False,True
UHF42,202,86.2,,,15.9554,,,91.1,,* Estimate is based on small numbers so should be interpreted with caution.,22.0,,,97.572,,,Downtown - Heights - Slope,Brooklyn,13.799999999999997,8.900000000000006,False,False
UHF42,203,76.4,,,17.5919,,,86.2,,,25.0,,,98.4713,,,Bedford Stuyvesant - Crown Heights,Brooklyn,23.599999999999994,13.799999999999997,False,False
UHF42,204,79.6,,,14.7548,,,87.5,,,29.0,,,99.8959,,,East New York,Brooklyn,20.400000000000006,12.5,False,False
UHF42,205,85.4,,,15.0487,,,93.1,,* Estimate is based on small numbers so should be interpreted with caution.,29.0,,,96.2851,,,Sunset Park,Brooklyn,14.599999999999994,6.900000000000006,False,False
UHF42,206,87.8,,,16.4552,,,91.5,,* Estimate is based on small numbers so should be interpreted with caution.,24.0,,,98.5773,,,Borough Park,Brooklyn,12.200000000000003,8.5,False,False
UHF42,207,82.8,,,21.0179,,,89.6,,* Estimate is based on small numbers so should be interpreted with caution.,30.0,,,97.9668,,,East Flatbush - Flatbush,Brooklyn,17.200000000000003,10.400000000000006,False,False
UHF42,208,85.3,,,16.3666,,,91.9,,* Estimate is based on small numbers so should be interpreted with caution.,41.0,,,95.879,,,Canarsie - Flatlands,Brooklyn,14.700000000000003,8.099999999999994,False,False
UHF42,209,91.2,,,14.2306,,,92.6,,,28.0,,,94.823,,,Bensonhurst - Bay Ridge,Brooklyn,8.799999999999997,7.400000000000006,False,False
UHF42,210,92.0,,,15.2418,,,91.5,,* Estimate is based on small numbers so should be interpreted with caution.,23.0,,,97.1147,,,Coney Island - Sheepshead Bay,Brooklyn,8.0,8.5,False,False
UHF42,211,78.7,,,12.5158,,,89.0,,,18.0,,,100.5914,,,Williamsburg - Bushwick,Brooklyn,21.299999999999997,11.0,False,False
UHF42,301,89.2,,,27.2105,,,91.2,,,35.0,,,93.9955,,,Washington Heights,Manhattan,10.799999999999997,8.799999999999997,False,False
UHF42,302,86.7,,,20.6768,,,83.5,,,29.0,,,97.4324,,,Central Harlem - Morningside Heights,Manhattan,13.299999999999997,16.5,False,False
UHF42,303,87.6,,,14.5933,,,85.0,,,31.0,,,97.5541,,,East Harlem,Manhattan,12.400000000000006,15.0,False,False
UHF42,304,93.1,,,22.3844,,,91.7,,,29.0,,,95.5242,,,Upper West Side,Manhattan,6.900000000000006,8.299999999999997,False,False
UHF42,305,97.2,,,17.0266,,,96.3,,* Estimate is based on small numbers so should be interpreted with caution.,22.0,,,96.4139,,,Upper East Side,Manhattan,2.799999999999997,3.700000000000003,False,False
UHF42,306,94.7,,* Estimate is based on small numbers so should be interpreted with caution.,7.1955,,,97.5,,* Estimate is based on small numbers so should be interpreted with caution.,11.0,,,98.2559,,,Chelsea - Clinton,Manhattan,5.299999999999997,2.5,False,True
UHF42,307,95.2,,,10.5076,,,94.3,,* Estimate is based on small numbers so should be interpreted with caution.,13.0,,,97.5106,,,Gramercy Park - Murray Hill,Manhattan,4.799999999999997,5.700000000000003,False,True
UHF42,308,96.0,,* Estimate is based on small numbers so should be interpreted with caution.,9.3442,,,97.8,,* Estimate is based on small numbers so should be interpreted with caution.,13.0,,,98.0472,,,Greenwich Village - SoHo,Manhattan,4.0,2.200000000000003,False,False
UHF42,309,90.7,,* Estimate is based on small numbers so should be interpreted with caution.,20.6023,,,92.3,,* Estimate is based on small numbers so should be interpreted with caution.,25.0,,,97.7563,,,Union Square - Lower East Side,Manhattan,9.299999999999997,7.700000000000003,False,False
UHF42,310,95.6,,* Estimate is based on small numbers so should be interpreted with caution.,14.1067,,,97.5,,* Estimate is based on small numbers so should be interpreted with caution.,24.0,,,93.5133,,,Lower Manhattan,Manhattan,4.400000000000006,2.5,False,False
UHF42,401,92.5,,,10.411,,,92.5,,,18.0,,,99.0992,,,Long Island City - Astoria,Queens,7.5,7.5,False,False
UHF42,402,91.9,,* Estimate is based on small numbers so should be interpreted with caution.,13.4604,,,94.3,,* Estimate is based on small numbers so should be interpreted with caution.,24.0,,,99.8847,,,West Queens,Queens,8.099999999999994,5.700000000000003,False,False
UHF42,403,92.9,,* Estimate is based on small numbers so should be interpreted with caution.,19.8521,,,94.1,,* Estimate is based on small numbers so should be interpreted with caution.,38.0,,,99.3731,,,Flushing - Clearview,Queens,7.099999999999994,5.900000000000006,False,False
UHF42,404,98.6,,* Estimate is based on small numbers so should be interpreted with caution.,34.1789,,,93.7,,* Estimate is based on small numbers so should be interpreted with caution.,55.0,,,96.6149,,,Bayside - Little Neck,Queens,1.4000000000000057,6.299999999999997,False,False
UHF42,405,95.8,,* Estimate is based on small numbers so should be interpreted with caution.,26.3968,,,94.0,,* Estimate is based on small numbers so should be interpreted with caution.,45.0,,,96.622,,,Ridgewood - Forest Hills,Queens,4.200000000000003,6.0,False,False
UHF42,406,94.3,,* Estimate is based on small numbers so should be interpreted with caution.,26.1985,,,94.8,,* Estimate is based on small numbers so should be interpreted with caution.,46.0,,,98.6226,,,Fresh Meadows,Queens,5.700000000000003,5.200000000000003,False,False
UHF42,407,91.2,,,15.6821,,,93.0,,* Estimate is based on small numbers so should be interpreted with caution.,29.0,,,100.3215,,,Southwest Queens,Queens,8.799999999999997,7.0,False,False
UHF42,408,88.6,,,20.087,,,87.0,,* Estimate is based on small numbers so should be interpreted with caution.,35.0,,,101.371,,,Jamaica,Queens,11.400000000000006,13.0,False,False
UHF42,409,92.8,,* Estimate is based on small numbers so should be interpreted with caution.,21.7619,,,92.5,,* Estimate is based on small numbers so should be interpreted with caution.,44.0,,,100.5816,,,Southeast Queens,Queens,7.200000000000003,7.5,False,False
UHF42,410,81.6,,,13.2571,,,83.2,,,37.0,,,92.7299,,,Rockaways,Queens,18.400000000000006,16.799999999999997,False,False
UHF42,501,86.7,,,21.5901,,,90.7,,,41.0,,,99.1054,,,Port Richmond,Staten Island,13.299999999999997,9.299999999999997,False,False
UHF42,502,90.0,,* Estimate is based on small numbers so should be interpreted with caution.,30.092,,,93.3,,* Estimate is based on small numbers so should be interpreted with caution.,51.0,,,94.9722,,,Stapleton - St. George,Staten Island,10.0,6.700000000000003,False,False
UHF42,503,93.2,,* Estimate is based on small numbers so should be interpreted with caution.,30.9026,,,96.0,,* Estimate is based on small numbers so should be interpreted with caution.,61.0,,,94.8409,,,Willowbrook,Staten Island,6.799999999999997,4.0,False,False
UHF42,504,98.8,,* Estimate is based on small numbers so should be interpreted with caution.,31.9619,,,97.0,,* Estimate is based on small numbers so should be interpreted with caution.,59.0,,,94.8645,,,South Beach - Tottenville,Staten Island,1.2000000000000028,3.0,False,False
