GeoID,Name,scenario,endpoint,a,b,j,A1Y1,A1Y0,A0Y1,A0Y0,P_Y_given_A,delta
101,Kingsbridge - Riverdale,hypothetical_household_marginal_bridge,lower,0.09400000000000006,0.530687,0.0,0.0,0.09400000000000006,0.530687,0.3753129999999999,0.0,-0.5857472406181017
101,Kingsbridge - Riverdale,hypothetical_household_marginal_bridge,upper,0.09400000000000006,0.530687,0.09400000000000006,0.09400000000000006,0.0,0.43668699999999994,0.469313,1.0,0.5180055187637969
102,Northeast Bronx,hypothetical_household_marginal_bridge,lower,0.12,0.795452,0.0,0.0,0.12,0.795452,0.08454799999999996,0.0,-0.9039227272727273
102,Northeast Bronx,hypothetical_household_marginal_bridge,upper,0.12,0.795452,0.12,0.12,0.0,0.675452,0.20454799999999995,1.0,0.2324409090909091
103,Fordham - Bronx Pk,hypothetical_household_marginal_bridge,lower,0.16099999999999995,0.741295,0.0,0.0,0.16099999999999995,0.741295,0.09770500000000004,0.0,-0.8835458879618593
103,Fordham - Bronx Pk,hypothetical_household_marginal_bridge,upper,0.16099999999999995,0.741295,0.16099999999999995,0.16099999999999995,0.0,0.5802950000000001,0.25870499999999996,1.0,0.30834922526817626
104,Pelham - Throgs Neck,hypothetical_household_marginal_bridge,lower,0.15099999999999994,0.776894,0.0,0.0,0.15099999999999994,0.776894,0.07210600000000011,0.0,-0.9150694935217902
104,Pelham - Throgs Neck,hypothetical_household_marginal_bridge,upper,0.15099999999999994,0.776894,0.15099999999999994,0.15099999999999994,0.0,0.6258940000000001,0.22310600000000005,1.0,0.2627868080094229
105,Crotona - Tremont,hypothetical_household_marginal_bridge,lower,0.20799999999999996,0.785576,0.0,0.0,0.20799999999999996,0.785576,0.006423999999999985,0.0,-0.9918888888888889
105,Crotona - Tremont,hypothetical_household_marginal_bridge,upper,0.20799999999999996,0.785576,0.20799999999999996,0.20799999999999996,0.0,0.5775760000000001,0.21442399999999995,1.0,0.27073737373737367
106,High Bridge - Morrisania,hypothetical_household_marginal_bridge,lower,0.21099999999999994,0.87014,0.08113999999999999,0.08113999999999999,0.12985999999999995,0.789,0.0,0.3845497630331754,-0.6154502369668245
106,High Bridge - Morrisania,hypothetical_household_marginal_bridge,upper,0.21099999999999994,0.87014,0.21099999999999994,0.21099999999999994,0.0,0.6591400000000001,0.12985999999999995,1.0,0.16458808618504434
107,Hunts Point - Mott Haven,hypothetical_household_marginal_bridge,lower,0.257,0.92916,0.1861600000000001,0.1861600000000001,0.0708399999999999,0.7429999999999999,1.1102230246251565e-16,0.7243579766536968,-0.27564202334630294
107,Hunts Point - Mott Haven,hypothetical_household_marginal_bridge,upper,0.257,0.92916,0.257,0.257,0.0,0.67216,0.07084000000000001,1.0,0.09534320323014808
201,Greenpoint,hypothetical_household_marginal_bridge,lower,0.14200000000000002,0.911482,0.05348200000000003,0.05348200000000003,0.08851799999999999,0.858,0.0,0.37663380281690156,-0.6233661971830983
201,Greenpoint,hypothetical_household_marginal_bridge,upper,0.14200000000000002,0.911482,0.14200000000000002,0.14200000000000002,0.0,0.769482,0.08851799999999999,1.0,0.10316783216783224
202,Downtown - Heights - Slope,hypothetical_household_marginal_bridge,lower,0.13799999999999998,0.840446,0.0,0.0,0.13799999999999998,0.840446,0.021553999999999962,0.0,-0.9749953596287704
202,Downtown - Heights - Slope,hypothetical_household_marginal_bridge,upper,0.13799999999999998,0.840446,0.13799999999999998,0.13799999999999998,0.0,0.702446,0.15955399999999995,1.0,0.18509744779582366
203,Bedford Stuyvesant - Crown Heights,hypothetical_household_marginal_bridge,lower,0.23599999999999993,0.8240810000000001,0.06008100000000005,0.06008100000000005,0.17591899999999988,0.764,0.0,0.2545805084745766,-0.7454194915254233
203,Bedford Stuyvesant - Crown Heights,hypothetical_household_marginal_bridge,upper,0.23599999999999993,0.8240810000000001,0.23599999999999993,0.23599999999999993,0.0,0.5880810000000001,0.17591899999999988,1.0,0.23026047120418838
204,East New York,hypothetical_household_marginal_bridge,lower,0.20400000000000007,0.852452,0.05645200000000017,0.05645200000000017,0.1475479999999999,0.7959999999999998,1.1102230246251565e-16,0.27672549019607917,-0.7232745098039207
204,East New York,hypothetical_household_marginal_bridge,upper,0.20400000000000007,0.852452,0.20400000000000007,0.20400000000000007,0.0,0.6484519999999999,0.147548,1.0,0.18536180904522617
205,Sunset Park,hypothetical_household_marginal_bridge,lower,0.14599999999999994,0.849513,0.0,0.0,0.14599999999999994,0.849513,0.00448700000000013,0.0,-0.9947459016393441
205,Sunset Park,hypothetical_household_marginal_bridge,upper,0.14599999999999994,0.849513,0.14599999999999994,0.14599999999999994,0.0,0.703513,0.15048700000000007,1.0,0.1762142857142857
206,Borough Park,hypothetical_household_marginal_bridge,lower,0.12200000000000003,0.835448,0.0,0.0,0.12200000000000003,0.835448,0.042552000000000034,0.0,-0.9515353075170843
206,Borough Park,hypothetical_household_marginal_bridge,upper,0.12200000000000003,0.835448,0.12200000000000003,0.12200000000000003,0.0,0.713448,0.16455200000000006,1.0,0.18741685649202738
207,East Flatbush - Flatbush,hypothetical_household_marginal_bridge,lower,0.17200000000000004,0.789821,0.0,0.0,0.17200000000000004,0.789821,0.03817899999999996,0.0,-0.9538900966183576
207,East Flatbush - Flatbush,hypothetical_household_marginal_bridge,upper,0.17200000000000004,0.789821,0.17200000000000004,0.17200000000000004,0.0,0.617821,0.210179,1.0,0.2538393719806764
208,Canarsie - Flatlands,hypothetical_household_marginal_bridge,lower,0.14700000000000002,0.836334,0.0,0.0,0.14700000000000002,0.836334,0.01666599999999996,0.0,-0.9804618991793671
208,Canarsie - Flatlands,hypothetical_household_marginal_bridge,upper,0.14700000000000002,0.836334,0.14700000000000002,0.14700000000000002,0.0,0.689334,0.16366599999999998,1.0,0.19187104337631883
209,Bensonhurst - Bay Ridge,hypothetical_household_marginal_bridge,lower,0.08799999999999997,0.857694,0.0,0.0,0.08799999999999997,0.857694,0.054306000000000076,0.0,-0.940453947368421
209,Bensonhurst - Bay Ridge,hypothetical_household_marginal_bridge,upper,0.08799999999999997,0.857694,0.08799999999999997,0.08799999999999997,0.0,0.769694,0.14230600000000004,1.0,0.1560372807017545
210,Coney Island - Sheepshead Bay,hypothetical_household_marginal_bridge,lower,0.08,0.8475820000000001,0.0,0.0,0.08,0.8475820000000001,0.07241799999999998,0.0,-0.9212847826086957
210,Coney Island - Sheepshead Bay,hypothetical_household_marginal_bridge,upper,0.08,0.8475820000000001,0.08,0.08,0.0,0.7675820000000001,0.152418,1.0,0.1656717391304348
211,Williamsburg - Bushwick,hypothetical_household_marginal_bridge,lower,0.21299999999999997,0.874842,0.08784199999999998,0.08784199999999998,0.125158,0.787,0.0,0.41240375586854455,-0.5875962441314554
211,Williamsburg - Bushwick,hypothetical_household_marginal_bridge,upper,0.21299999999999997,0.874842,0.21299999999999997,0.21299999999999997,0.0,0.661842,0.125158,1.0,0.15903176620076243
301,Washington Heights,hypothetical_household_marginal_bridge,lower,0.10799999999999997,0.727895,0.0,0.0,0.10799999999999997,0.727895,0.16410500000000006,0.0,-0.8160257847533632
301,Washington Heights,hypothetical_household_marginal_bridge,upper,0.10799999999999997,0.727895,0.10799999999999997,0.10799999999999997,0.0,0.619895,0.27210500000000004,1.0,0.30505044843049334
302,Central Harlem - Morningside Heights,hypothetical_household_marginal_bridge,lower,0.13299999999999998,0.7932319999999999,0.0,0.0,0.13299999999999998,0.7932319999999999,0.07376800000000006,0.0,-0.9149158016147635
302,Central Harlem - Morningside Heights,hypothetical_household_marginal_bridge,upper,0.13299999999999998,0.7932319999999999,0.13299999999999998,0.13299999999999998,0.0,0.6602319999999999,0.20676800000000004,1.0,0.23848673587081898
303,East Harlem,hypothetical_household_marginal_bridge,lower,0.12400000000000005,0.854067,0.0,0.0,0.12400000000000005,0.854067,0.02193299999999987,0.0,-0.9749623287671233
303,East Harlem,hypothetical_household_marginal_bridge,upper,0.12400000000000005,0.854067,0.12400000000000005,0.12400000000000005,0.0,0.730067,0.14593299999999992,1.0,0.16659018264840186
304,Upper West Side,hypothetical_household_marginal_bridge,lower,0.06900000000000006,0.7761560000000001,0.0,0.0,0.06900000000000006,0.7761560000000001,0.15484399999999987,0.0,-0.8336799140708917
304,Upper West Side,hypothetical_household_marginal_bridge,upper,0.06900000000000006,0.7761560000000001,0.06900000000000006,0.06900000000000006,0.0,0.707156,0.22384399999999993,1.0,0.24043394199785173
305,Upper East Side,hypothetical_household_marginal_bridge,lower,0.027999999999999973,0.829734,0.0,0.0,0.027999999999999973,0.829734,0.142266,0.0,-0.8536358024691357
305,Upper East Side,hypothetical_household_marginal_bridge,upper,0.027999999999999973,0.829734,0.027999999999999973,0.027999999999999973,0.0,0.801734,0.17026599999999997,1.0,0.17517078189300417
306,Chelsea - Clinton,hypothetical_household_marginal_bridge,lower,0.05299999999999997,0.928045,0.0,0.0,0.05299999999999997,0.928045,0.018955000000000055,0.0,-0.9799841605068637
306,Chelsea - Clinton,hypothetical_household_marginal_bridge,upper,0.05299999999999997,0.928045,0.05299999999999997,0.05299999999999997,0.0,0.8750450000000001,0.07195500000000002,1.0,0.07598204857444564
307,Gramercy Park - Murray Hill,hypothetical_household_marginal_bridge,lower,0.04799999999999997,0.894924,0.0,0.0,0.04799999999999997,0.894924,0.057076000000000016,0.0,-0.9400462184873949
307,Gramercy Park - Murray Hill,hypothetical_household_marginal_bridge,upper,0.04799999999999997,0.894924,0.04799999999999997,0.04799999999999997,0.0,0.8469240000000001,0.10507599999999999,1.0,0.11037394957983193
308,Greenwich Village - SoHo,hypothetical_household_marginal_bridge,lower,0.04,0.906558,0.0,0.0,0.04,0.906558,0.05344199999999999,0.0,-0.9443312500000001
308,Greenwich Village - SoHo,hypothetical_household_marginal_bridge,upper,0.04,0.906558,0.04,0.04,0.0,0.8665579999999999,0.093442,1.0,0.09733541666666667
309,Union Square - Lower East Side,hypothetical_household_marginal_bridge,lower,0.09299999999999997,0.793977,0.0,0.0,0.09299999999999997,0.793977,0.11302299999999998,0.0,-0.8753880926130099
309,Union Square - Lower East Side,hypothetical_household_marginal_bridge,upper,0.09299999999999997,0.793977,0.09299999999999997,0.09299999999999997,0.0,0.7009770000000001,0.20602299999999996,1.0,0.2271477398015435
310,Lower Manhattan,hypothetical_household_marginal_bridge,lower,0.04400000000000006,0.858933,0.0,0.0,0.04400000000000006,0.858933,0.09706700000000001,0.0,-0.8984654811715481
310,Lower Manhattan,hypothetical_household_marginal_bridge,upper,0.04400000000000006,0.858933,0.04400000000000006,0.04400000000000006,0.0,0.8149329999999999,0.14106700000000008,1.0,0.1475596234309624
401,Long Island City - Astoria,hypothetical_household_marginal_bridge,lower,0.075,0.89589,0.0,0.0,0.075,0.89589,0.02911000000000008,0.0,-0.9685297297297296
401,Long Island City - Astoria,hypothetical_household_marginal_bridge,upper,0.075,0.89589,0.075,0.075,0.0,0.82089,0.10411000000000008,1.0,0.11255135135135139
402,West Queens,hypothetical_household_marginal_bridge,lower,0.08099999999999995,0.865396,0.0,0.0,0.08099999999999995,0.865396,0.053603999999999985,0.0,-0.9416713819368879
402,West Queens,hypothetical_household_marginal_bridge,upper,0.08099999999999995,0.865396,0.08099999999999995,0.08099999999999995,0.0,0.7843960000000001,0.13460399999999995,1.0,0.14646789989118608
403,Flushing - Clearview,hypothetical_household_marginal_bridge,lower,0.07099999999999994,0.801479,0.0,0.0,0.07099999999999994,0.801479,0.127521,0.0,-0.8627330462863293
403,Flushing - Clearview,hypothetical_household_marginal_bridge,upper,0.07099999999999994,0.801479,0.07099999999999994,0.07099999999999994,0.0,0.7304790000000001,0.19852099999999995,1.0,0.21369321851453174
404,Bayside - Little Neck,hypothetical_household_marginal_bridge,lower,0.014000000000000058,0.658211,0.0,0.0,0.014000000000000058,0.658211,0.327789,0.0,-0.6675567951318458
404,Bayside - Little Neck,hypothetical_household_marginal_bridge,upper,0.014000000000000058,0.658211,0.014000000000000058,0.014000000000000058,0.0,0.644211,0.34178900000000006,1.0,0.3466419878296147
405,Ridgewood - Forest Hills,hypothetical_household_marginal_bridge,lower,0.04200000000000003,0.736032,0.0,0.0,0.04200000000000003,0.736032,0.22196799999999994,0.0,-0.7683006263048017
405,Ridgewood - Forest Hills,hypothetical_household_marginal_bridge,upper,0.04200000000000003,0.736032,0.04200000000000003,0.04200000000000003,0.0,0.694032,0.263968,1.0,0.27554070981210854
406,Fresh Meadows,hypothetical_household_marginal_bridge,lower,0.05700000000000003,0.7380150000000001,0.0,0.0,0.05700000000000003,0.7380150000000001,0.20498499999999986,0.0,-0.7826246023329799
406,Fresh Meadows,hypothetical_household_marginal_bridge,upper,0.05700000000000003,0.7380150000000001,0.05700000000000003,0.05700000000000003,0.0,0.681015,0.2619849999999999,1.0,0.2778207847295863
407,Southwest Queens,hypothetical_household_marginal_bridge,lower,0.08799999999999997,0.843179,0.0,0.0,0.08799999999999997,0.843179,0.06882100000000002,0.0,-0.9245383771929826
407,Southwest Queens,hypothetical_household_marginal_bridge,upper,0.08799999999999997,0.843179,0.08799999999999997,0.08799999999999997,0.0,0.755179,0.156821,1.0,0.1719528508771929
408,Jamaica,hypothetical_household_marginal_bridge,lower,0.11400000000000006,0.79913,0.0,0.0,0.11400000000000006,0.79913,0.08686999999999989,0.0,-0.9019525959367948
408,Jamaica,hypothetical_household_marginal_bridge,upper,0.11400000000000006,0.79913,0.11400000000000006,0.11400000000000006,0.0,0.6851299999999999,0.20086999999999994,1.0,0.22671557562076747
409,Southeast Queens,hypothetical_household_marginal_bridge,lower,0.07200000000000002,0.782381,0.0,0.0,0.07200000000000002,0.782381,0.14561899999999994,0.0,-0.8430829741379311
409,Southeast Queens,hypothetical_household_marginal_bridge,upper,0.07200000000000002,0.782381,0.07200000000000002,0.07200000000000002,0.0,0.7103809999999999,0.21761899999999995,1.0,0.23450323275862076
410,Rockaways,hypothetical_household_marginal_bridge,lower,0.18400000000000005,0.867429,0.05142900000000017,0.05142900000000017,0.13257099999999988,0.8159999999999998,1.1102230246251565e-16,0.27950543478260953,-0.7204945652173904
410,Rockaways,hypothetical_household_marginal_bridge,upper,0.18400000000000005,0.867429,0.18400000000000005,0.18400000000000005,0.0,0.683429,0.132571,1.0,0.16246446078431365
501,Port Richmond,hypothetical_household_marginal_bridge,lower,0.13299999999999998,0.784099,0.0,0.0,0.13299999999999998,0.784099,0.082901,0.0,-0.9043817762399077
501,Port Richmond,hypothetical_household_marginal_bridge,upper,0.13299999999999998,0.784099,0.13299999999999998,0.13299999999999998,0.0,0.651099,0.21590099999999998,1.0,0.24902076124567474
502,Stapleton - St. George,hypothetical_household_marginal_bridge,lower,0.1,0.69908,0.0,0.0,0.1,0.69908,0.20092,0.0,-0.7767555555555556
502,Stapleton - St. George,hypothetical_household_marginal_bridge,upper,0.1,0.69908,0.1,0.1,0.0,0.5990800000000001,0.30091999999999997,1.0,0.33435555555555546
503,Willowbrook,hypothetical_household_marginal_bridge,lower,0.06799999999999998,0.690974,0.0,0.0,0.06799999999999998,0.690974,0.24102600000000007,0.0,-0.7413884120171672
503,Willowbrook,hypothetical_household_marginal_bridge,upper,0.06799999999999998,0.690974,0.06799999999999998,0.06799999999999998,0.0,0.622974,0.309026,1.0,0.33157296137339054
504,South Beach - Tottenville,hypothetical_household_marginal_bridge,lower,0.012000000000000028,0.680381,0.0,0.0,0.012000000000000028,0.680381,0.307619,0.0,-0.6886447368421053
504,South Beach - Tottenville,hypothetical_household_marginal_bridge,upper,0.012000000000000028,0.680381,0.012000000000000028,0.012000000000000028,0.0,0.668381,0.319619,1.0,0.32350101214574895
