event_id,unit_id,method,observed_at,raw_value,measurement_unit,stratum,score,metadata_record
e001,u01,A,2026-01-15,3.950000,score,g1,3.950000,current
e002,u01,A,2026-01-15,4.050000,score,g1,4.050000,current
e003,u01,B,2026-01-15,5.350000,score,g1,5.350000,current
e004,u01,B,2026-01-15,5.450000,score,g1,5.450000,current
e005,u01,B,2026-01-15,5.550000,score,g1,5.550000,current
e006,u01,B,2026-01-15,5.650000,score,g1,5.650000,current
e007,u02,A,2026-01-15,4.900000,score,g1,4.900000,current
e008,u02,A,2026-01-15,5.000000,score,g1,5.000000,current
e009,u02,A,2026-01-15,5.100000,score,g1,5.100000,current
e010,u02,B,2026-01-15,5.950000,score,g1,5.950000,current
e011,u02,B,2026-01-15,6.050000,score,g1,6.050000,current
e012,u03,A,2026-01-15,6.000000,score,g1,6.000000,current
e013,u03,B,2026-01-15,6.400000,score,g1,6.400000,current
e014,u03,B,2026-01-15,6.500000,score,g1,6.500000,current
e015,u03,B,2026-01-15,6.600000,score,g1,6.600000,current
e016,u04,A,2026-01-15,6.950000,score,g1,6.950000,current
e017,u04,A,2026-01-15,7.050000,score,g1,7.050000,current
e018,u04,B,2026-01-15,7.850000,score,g1,7.850000,current
e019,u04,B,2026-01-15,7.950000,score,g1,7.950000,current
e020,u04,B,2026-01-15,8.050000,score,g1,8.050000,current
e021,u04,B,2026-01-15,8.150000,score,g1,8.150000,current
e022,u05,A,2026-01-15,7.900000,score,g2,7.900000,current
e023,u05,A,2026-01-15,8.000000,score,g2,8.000000,current
e024,u05,A,2026-01-15,8.100000,score,g2,8.100000,current
e025,u05,B,2026-01-15,6950.000000,subscore,g2,6.950000000,current
e026,u05,B,2026-01-15,7050.000000,subscore,g2,7.050000000,current
e027,u06,A,2026-01-15,9.000000,score,g2,9.000000,current
e028,u06,B,2026-01-15,6900.000000,subscore,g2,6.900000000,current
e029,u06,B,2026-01-15,7000.000000,subscore,g2,7.000000000,current
e030,u06,B,2026-01-15,7100.000000,subscore,g2,7.100000000,current
e031,u07,A,2026-01-15,9.950000,score,g2,9.950000,current
e032,u07,A,2026-01-15,10.050000,score,g2,10.050000,current
e033,u07,B,2026-01-15,6850.000000,subscore,g2,6.850000000,current
e034,u07,B,2026-01-15,6950.000000,subscore,g2,6.950000000,current
e035,u07,B,2026-01-15,7050.000000,subscore,g2,7.050000000,current
e036,u07,B,2026-01-15,7150.000000,subscore,g2,7.150000000,current
e037,u08,A,2026-01-15,10.900000,score,g2,10.900000,current
e038,u08,A,2026-01-15,11.000000,score,g2,11.000000,current
e039,u08,A,2026-01-15,11.100000,score,g2,11.100000,current
e040,u08,B,2026-01-15,4950.000000,subscore,g2,4.950000000,current
e041,u08,B,2026-01-15,5050.000000,subscore,g2,5.050000000,current
