stratum_1_weight,difference
0.0,3.0
0.01,2.96
0.02,2.92
0.03,2.8800000000000003
0.04,2.84
0.05,2.8
0.06,2.76
0.07,2.72
0.08,2.68
0.09,2.64
0.1,2.6
0.11,2.56
0.12,2.52
0.13,2.48
0.14,2.44
0.15,2.4
0.16,2.36
0.17,2.32
0.18,2.28
0.19,2.24
0.2,2.2
0.21,2.16
0.22,2.1199999999999997
0.23,2.08
0.24,2.04
0.25,2.0
0.26,1.9599999999999997
0.27,1.92
0.28,1.8800000000000001
0.29,1.8399999999999999
0.3,1.7999999999999996
0.31,1.7599999999999998
0.32,1.72
0.33,1.6799999999999997
0.34,1.6399999999999997
0.35000000000000003,1.5999999999999996
0.36,1.56
0.37,1.52
0.38,1.48
0.39,1.44
0.4,1.4
0.41000000000000003,1.3599999999999999
0.42,1.3200000000000003
0.43,1.2800000000000002
0.44,1.2400000000000002
0.45,1.2000000000000002
0.46,1.1600000000000001
0.47000000000000003,1.12
0.48,1.08
0.49,1.04
0.5,1.0
0.51,0.96
0.52,0.9199999999999999
0.53,0.8799999999999999
0.54,0.8399999999999999
0.55,0.7999999999999998
0.56,0.7599999999999998
0.5700000000000001,0.7199999999999998
0.58,0.6800000000000003
0.59,0.64
0.6,0.6000000000000002
0.61,0.5599999999999999
0.62,0.5200000000000001
0.63,0.47999999999999987
0.64,0.44000000000000006
0.65,0.3999999999999998
0.66,0.36
0.67,0.31999999999999984
0.68,0.2799999999999998
0.6900000000000001,0.23999999999999977
0.7000000000000001,0.19999999999999973
0.71,0.16000000000000014
0.72,0.1200000000000001
0.73,0.08000000000000007
0.74,0.040000000000000036
0.75,0.0
0.76,-0.040000000000000036
0.77,-0.08000000000000007
0.78,-0.1200000000000001
0.79,-0.16000000000000014
0.8,-0.20000000000000018
0.81,-0.2400000000000002
0.8200000000000001,-0.28000000000000025
0.8300000000000001,-0.3200000000000003
0.84,-0.3599999999999999
0.85,-0.3999999999999999
0.86,-0.43999999999999995
0.87,-0.48
0.88,-0.52
0.89,-0.56
0.9,-0.6000000000000001
0.91,-0.6400000000000001
0.92,-0.6800000000000002
0.93,-0.7200000000000002
0.9400000000000001,-0.7600000000000002
0.9500000000000001,-0.8000000000000003
0.96,-0.8399999999999999
0.97,-0.8799999999999999
0.98,-0.9199999999999999
0.99,-0.96
1.0,-1.0
