claim_id,section,claim_kind,claim_text_sha256,evidence_ids,verification_status,uncertainty,analysis_intent
C001,摘要,factual,d6087cc4ecf4f565ab10692da3dae66704413cac9382e505b97a6e01d8a997a8,E001,unverified,仅合成描述；人工核验待完成,descriptive
C002,摘要,numeric,3f15575f6e4f8dcbc0d67dd0de779d3a50fa1624762922406ff853883dfe4c8e,E001;E002,unverified,仅合成描述；人工核验待完成,descriptive
C003,摘要,factual,4fc51568f26009e4f7bc40a998e85acd270ab8e937d6600e9b58b1b619191b9a,E001;E002,unverified,仅合成描述；人工核验待完成,descriptive
C004,目的与材料,factual,f9053afc3d17547e636c1b774843b8086d968ee0b9e0823bfa28e57eccfe375a,E001;E002,unverified,仅合成描述；人工核验待完成,descriptive
C005,目的与材料,numeric,09dbb4d92ad85563074fca1e1c94844d55f2163b754f1f41e7c594dcb9cb242a,E001;E002,unverified,仅合成描述；人工核验待完成,descriptive
C006,目的与材料,factual,1862c62c2883c58fc872c61cbf01c011bf2825b25c5184758c7e86c4cec535d3,E001,unverified,仅合成描述；人工核验待完成,descriptive
C007,方法,numeric,59fe7b61522afb147c37eaca129d4295cbe6458a88558aa39f83ba4f59d4518c,E002,unverified,仅合成描述；人工核验待完成,descriptive
C008,方法,factual,13746fa503543d4370fbb7b9c5056bd0901f46ba19d045e146053d89beefdcad,E002,unverified,仅合成描述；人工核验待完成,descriptive
C009,结果,numeric,b75cd6bba5c848bbcf7847422e96acf1a4db5641331b760034c94779cb0bbc30,E001;E002,unverified,仅合成描述；人工核验待完成,descriptive
C010,结果,numeric,0459ab9e3c7b3157861087cd4f0fa2ad97084ea2b7249afbe5f83f118d2ba4d1,E001;E002,unverified,仅合成描述；人工核验待完成,descriptive
C011,结果,numeric,bde756369735595349822e7323cda40a941bc1d4a203ff4ac4d76d57ed879a8a,E001;E002,unverified,仅合成描述；人工核验待完成,descriptive
C012,结果,factual,222208459f1dfaeb717514bbcebd61403406a52bcae4ca518c1af4759089604b,E002,unverified,仅合成描述；人工核验待完成,descriptive
C013,结果,numeric,c2647ba36fba6647c59394ac7e5fb96f74a16131d3056f669519f2c19641aeb8,E002,unverified,仅合成描述；人工核验待完成,descriptive
C014,解释与限制,factual,a1d40d86c453d28eebf96669649f437122d7f61fcdce2475276b4cdc10ce270a,E001;E002,unverified,仅合成描述；人工核验待完成,descriptive
C015,解释与限制,factual,6a1f20e0e94c71dbf0f843cc079003df0fbe1b969fdf1c87d41b565d58f98050,E001;E002,unverified,仅合成描述；人工核验待完成,descriptive
C016,解释与限制,factual,6b7f04c4e794a21b987586c5158e16866a08add5a96628678fe750d9ae66eb77,E001;E002,unverified,仅合成描述；人工核验待完成,descriptive
C017,结论,numeric,8378243e7bc966d721ee9a82facf60dfcdfe46989909b9f4b5099eb74d02d214,E001;E002,unverified,仅合成描述；人工核验待完成,descriptive
C018,可复核材料与声明,factual,3ec7d456f8af9099f0a5dc47cabe1bf1e462848eedabf2fb769d6fad81944388,E002,unverified,仅合成描述；人工核验待完成,descriptive
C019,可复核材料与声明,factual,1b78cd58cc2208c933d56b91d7dff8699a05ea6b1a2c7f3a3d89f53738771e49,E001;E002,unverified,仅合成描述；人工核验待完成,descriptive
C020,可复核材料与声明,numeric,a0b645bcf9dcb54dd4206d6ea46050aa95896c1dc89a987ad2e51437d52ba62f,E003,unverified,仅合成描述；人工核验待完成,descriptive
C021,可复核材料与声明,numeric,19de5a741ddd0b79423659f9ba5c59d41ce89227289ca8a84d68e68c6a53af07,E003,unverified,仅合成描述；人工核验待完成,descriptive
