trial	state	method	started	wall_seconds	status	description
0	expired	direct	1	0.03696033300366253	baseline	local software fixture; fixed evaluation
0	expired	phase_control	0	0.0020904169941786677	keep	local software fixture; fixed evaluation
1	expired	direct	1	0.03397824999410659	baseline	local software fixture; fixed evaluation
1	expired	phase_control	0	0.0012296659988351166	keep	local software fixture; fixed evaluation
2	expired	direct	1	0.04056424999726005	baseline	local software fixture; fixed evaluation
2	expired	phase_control	0	0.001582083001267165	keep	local software fixture; fixed evaluation
3	expired	direct	1	0.04204783297609538	baseline	local software fixture; fixed evaluation
3	expired	phase_control	0	0.005545666994294152	keep	local software fixture; fixed evaluation
4	expired	direct	1	0.033711500000208616	baseline	local software fixture; fixed evaluation
4	expired	phase_control	0	0.00181200000224635	keep	local software fixture; fixed evaluation
5	expired	direct	1	0.03592887500417419	baseline	local software fixture; fixed evaluation
5	expired	phase_control	0	0.0014359159977175295	keep	local software fixture; fixed evaluation
6	active	direct	1	0.03095091599971056	baseline	local software fixture; fixed evaluation
6	active	phase_control	1	0.2089551250101067	keep	local software fixture; fixed evaluation
7	active	direct	1	0.02335845900233835	baseline	local software fixture; fixed evaluation
7	active	phase_control	1	0.21352341599413194	keep	local software fixture; fixed evaluation
8	active	direct	1	0.021735416987212375	baseline	local software fixture; fixed evaluation
8	active	phase_control	1	0.21218783300719224	keep	local software fixture; fixed evaluation
9	active	direct	1	0.023145540995756164	baseline	local software fixture; fixed evaluation
9	active	phase_control	1	0.21523929201066494	keep	local software fixture; fixed evaluation
10	active	direct	1	0.022374541993485764	baseline	local software fixture; fixed evaluation
10	active	phase_control	1	0.20996887498768046	keep	local software fixture; fixed evaluation
11	active	direct	1	0.025126249995082617	baseline	local software fixture; fixed evaluation
11	active	phase_control	1	0.2162307919934392	keep	local software fixture; fixed evaluation
