center,borough,date,local_open,local_close,record_status,source
David N. Dinkins Municipal Building,Manhattan,2026-07-03,12:00,24:00,official_announced_not_observed,https://home4.nyc.gov/site/em/about/press-releases/20260701_pr_NYCEM-Mayor-Mamdani-Expands-Emergency-Heat-Measures.page
David N. Dinkins Municipal Building,Manhattan,2026-07-04,12:00,24:00,official_announced_not_observed,https://home4.nyc.gov/site/em/about/press-releases/20260701_pr_NYCEM-Mayor-Mamdani-Expands-Emergency-Heat-Measures.page
David N. Dinkins Municipal Building,Manhattan,2026-07-05,12:00,24:00,official_announced_not_observed,https://home4.nyc.gov/site/em/about/press-releases/20260701_pr_NYCEM-Mayor-Mamdani-Expands-Emergency-Heat-Measures.page
22 Reade Street,Manhattan,2026-07-03,12:00,24:00,official_announced_not_observed,https://home4.nyc.gov/site/em/about/press-releases/20260701_pr_NYCEM-Mayor-Mamdani-Expands-Emergency-Heat-Measures.page
22 Reade Street,Manhattan,2026-07-04,12:00,24:00,official_announced_not_observed,https://home4.nyc.gov/site/em/about/press-releases/20260701_pr_NYCEM-Mayor-Mamdani-Expands-Emergency-Heat-Measures.page
22 Reade Street,Manhattan,2026-07-05,12:00,24:00,official_announced_not_observed,https://home4.nyc.gov/site/em/about/press-releases/20260701_pr_NYCEM-Mayor-Mamdani-Expands-Emergency-Heat-Measures.page
100 Gold Senior Center,Manhattan,2026-07-03,12:00,24:00,official_announced_not_observed,https://home4.nyc.gov/site/em/about/press-releases/20260701_pr_NYCEM-Mayor-Mamdani-Expands-Emergency-Heat-Measures.page
100 Gold Senior Center,Manhattan,2026-07-04,12:00,24:00,official_announced_not_observed,https://home4.nyc.gov/site/em/about/press-releases/20260701_pr_NYCEM-Mayor-Mamdani-Expands-Emergency-Heat-Measures.page
100 Gold Senior Center,Manhattan,2026-07-05,12:00,24:00,official_announced_not_observed,https://home4.nyc.gov/site/em/about/press-releases/20260701_pr_NYCEM-Mayor-Mamdani-Expands-Emergency-Heat-Measures.page
Brooklyn Borough Hall,Brooklyn,2026-07-03,12:00,24:00,official_announced_not_observed,https://home4.nyc.gov/site/em/about/press-releases/20260701_pr_NYCEM-Mayor-Mamdani-Expands-Emergency-Heat-Measures.page
Brooklyn Borough Hall,Brooklyn,2026-07-04,12:00,24:00,official_announced_not_observed,https://home4.nyc.gov/site/em/about/press-releases/20260701_pr_NYCEM-Mayor-Mamdani-Expands-Emergency-Heat-Measures.page
Brooklyn Borough Hall,Brooklyn,2026-07-05,12:00,24:00,official_announced_not_observed,https://home4.nyc.gov/site/em/about/press-releases/20260701_pr_NYCEM-Mayor-Mamdani-Expands-Emergency-Heat-Measures.page
NYCEM Headquarters,Brooklyn,2026-07-03,12:00,24:00,official_announced_not_observed,https://home4.nyc.gov/site/em/about/press-releases/20260701_pr_NYCEM-Mayor-Mamdani-Expands-Emergency-Heat-Measures.page
NYCEM Headquarters,Brooklyn,2026-07-04,12:00,24:00,official_announced_not_observed,https://home4.nyc.gov/site/em/about/press-releases/20260701_pr_NYCEM-Mayor-Mamdani-Expands-Emergency-Heat-Measures.page
NYCEM Headquarters,Brooklyn,2026-07-05,12:00,24:00,official_announced_not_observed,https://home4.nyc.gov/site/em/about/press-releases/20260701_pr_NYCEM-Mayor-Mamdani-Expands-Emergency-Heat-Measures.page
The Bergen Building,Bronx,2026-07-03,12:00,24:00,official_announced_not_observed,https://home4.nyc.gov/site/em/about/press-releases/20260701_pr_NYCEM-Mayor-Mamdani-Expands-Emergency-Heat-Measures.page
The Bergen Building,Bronx,2026-07-04,12:00,24:00,official_announced_not_observed,https://home4.nyc.gov/site/em/about/press-releases/20260701_pr_NYCEM-Mayor-Mamdani-Expands-Emergency-Heat-Measures.page
The Bergen Building,Bronx,2026-07-05,12:00,24:00,official_announced_not_observed,https://home4.nyc.gov/site/em/about/press-releases/20260701_pr_NYCEM-Mayor-Mamdani-Expands-Emergency-Heat-Measures.page
Queens Borough Hall,Queens,2026-07-03,12:00,24:00,official_announced_not_observed,https://home4.nyc.gov/site/em/about/press-releases/20260701_pr_NYCEM-Mayor-Mamdani-Expands-Emergency-Heat-Measures.page
Queens Borough Hall,Queens,2026-07-04,12:00,24:00,official_announced_not_observed,https://home4.nyc.gov/site/em/about/press-releases/20260701_pr_NYCEM-Mayor-Mamdani-Expands-Emergency-Heat-Measures.page
Queens Borough Hall,Queens,2026-07-05,12:00,24:00,official_announced_not_observed,https://home4.nyc.gov/site/em/about/press-releases/20260701_pr_NYCEM-Mayor-Mamdani-Expands-Emergency-Heat-Measures.page
Staten Island Borough Hall,Staten Island,2026-07-03,12:00,24:00,official_announced_not_observed,https://home4.nyc.gov/site/em/about/press-releases/20260701_pr_NYCEM-Mayor-Mamdani-Expands-Emergency-Heat-Measures.page
Staten Island Borough Hall,Staten Island,2026-07-04,12:00,24:00,official_announced_not_observed,https://home4.nyc.gov/site/em/about/press-releases/20260701_pr_NYCEM-Mayor-Mamdani-Expands-Emergency-Heat-Measures.page
Staten Island Borough Hall,Staten Island,2026-07-05,12:00,24:00,official_announced_not_observed,https://home4.nyc.gov/site/em/about/press-releases/20260701_pr_NYCEM-Mayor-Mamdani-Expands-Emergency-Heat-Measures.page
