event_id,unit_id,method,observed_at,raw_value,measurement_unit,score,stratum,metadata_record
e001,u01,A,2026-01-15,3.950000,score,3.95,g1,current
e002,u01,A,2026-01-15,4.050000,score,4.05,g1,current
e003,u01,B,2026-01-15,5.350000,score,5.35,g1,current
e004,u01,B,2026-01-15,5.450000,score,5.45,g1,current
e005,u01,B,2026-01-15,5.550000,score,5.55,g1,current
e006,u01,B,2026-01-15,5.650000,score,5.65,g1,current
e007,u02,A,2026-01-15,4.900000,score,4.9,g1,current
e008,u02,A,2026-01-15,5.000000,score,5.0,g1,current
e009,u02,A,2026-01-15,5.100000,score,5.1,g1,current
e010,u02,B,2026-01-15,5.950000,score,5.95,g1,current
e011,u02,B,2026-01-15,6.050000,score,6.05,g1,current
e012,u03,A,2026-01-15,6.000000,score,6.0,g1,current
e013,u03,B,2026-01-15,6.400000,score,6.4,g1,current
e014,u03,B,2026-01-15,6.500000,score,6.5,g1,current
e015,u03,B,2026-01-15,6.600000,score,6.6,g1,current
e016,u04,A,2026-01-15,6.950000,score,6.95,g1,current
e017,u04,A,2026-01-15,7.050000,score,7.05,g1,current
e018,u04,B,2026-01-15,7.850000,score,7.85,g1,current
e019,u04,B,2026-01-15,7.950000,score,7.95,g1,current
e020,u04,B,2026-01-15,8.050000,score,8.05,g1,current
e021,u04,B,2026-01-15,8.150000,score,8.15,g1,current
e022,u05,A,2026-01-15,7.900000,score,7.9,g2,current
e023,u05,A,2026-01-15,8.000000,score,8.0,g2,current
e024,u05,A,2026-01-15,8.100000,score,8.1,g2,current
e025,u05,B,2026-01-15,6950.000000,subscore,6.95,g2,current
e026,u05,B,2026-01-15,7050.000000,subscore,7.05,g2,current
e027,u06,A,2026-01-15,9.000000,score,9.0,g2,current
e028,u06,B,2026-01-15,6900.000000,subscore,6.9,g2,current
e029,u06,B,2026-01-15,7000.000000,subscore,7.0,g2,current
e030,u06,B,2026-01-15,7100.000000,subscore,7.1000000000000005,g2,current
e031,u07,A,2026-01-15,9.950000,score,9.95,g2,current
e032,u07,A,2026-01-15,10.050000,score,10.05,g2,current
e033,u07,B,2026-01-15,6850.000000,subscore,6.8500000000000005,g2,current
e034,u07,B,2026-01-15,6950.000000,subscore,6.95,g2,current
e035,u07,B,2026-01-15,7050.000000,subscore,7.05,g2,current
e036,u07,B,2026-01-15,7150.000000,subscore,7.15,g2,current
e037,u08,A,2026-01-15,10.900000,score,10.9,g2,current
e038,u08,A,2026-01-15,11.000000,score,11.0,g2,current
e039,u08,A,2026-01-15,11.100000,score,11.1,g2,current
e040,u08,B,2026-01-15,5950.000000,subscore,5.95,g2,current
e041,u08,B,2026-01-15,6050.000000,subscore,6.05,g2,current
