x,y
-2.0,-3.0
-1.8,-2.6
-1.6,-2.2
-1.4,-1.7999999999999998
-1.2,-1.4
-1.0,-1.0
-0.7999999999999998,-0.5999999999999996
-0.5999999999999999,-0.19999999999999973
-0.3999999999999999,0.20000000000000018
-0.19999999999999996,0.6000000000000001
0.0,1.0
0.20000000000000018,1.4000000000000004
0.40000000000000036,1.8000000000000007
0.6000000000000001,2.2
0.8000000000000003,2.6000000000000005
1.0,3.0
1.2000000000000002,3.4000000000000004
1.4000000000000004,3.8000000000000007
1.6,4.2
1.8000000000000003,4.6000000000000005
2.0,5.0
