GeoID,Name,observed_p,hypothetical_q,delta_lower,delta_upper,status
101,Kingsbridge - Riverdale,0.11,0.1,-0.11235955056179776,0.9090909090909092,conditional_on_unmeasured_household_q
101,Kingsbridge - Riverdale,0.11,0.3,-0.33707865168539325,0.7865168539325842,conditional_on_unmeasured_household_q
101,Kingsbridge - Riverdale,0.11,0.5,-0.5617977528089888,0.5617977528089887,conditional_on_unmeasured_household_q
101,Kingsbridge - Riverdale,0.11,0.7,-0.7865168539325843,0.3370786516853932,conditional_on_unmeasured_household_q
101,Kingsbridge - Riverdale,0.11,0.9,-0.9090909090909088,0.1123595505617977,conditional_on_unmeasured_household_q
102,Northeast Bronx,0.12900000000000006,0.1,-0.11481056257175659,0.775193798449612,conditional_on_unmeasured_household_q
102,Northeast Bronx,0.12900000000000006,0.3,-0.3444316877152698,0.8036739380022961,conditional_on_unmeasured_household_q
102,Northeast Bronx,0.12900000000000006,0.5,-0.574052812858783,0.574052812858783,conditional_on_unmeasured_household_q
102,Northeast Bronx,0.12900000000000006,0.7,-0.8036739380022961,0.3444316877152698,conditional_on_unmeasured_household_q
102,Northeast Bronx,0.12900000000000006,0.9,-0.7751937984496118,0.1148105625717567,conditional_on_unmeasured_household_q
103,Fordham - Bronx Pk,0.14299999999999996,0.1,-0.11668611435239207,0.6993006993006996,conditional_on_unmeasured_household_q
103,Fordham - Bronx Pk,0.14299999999999996,0.3,-0.3500583430571762,0.8168028004667445,conditional_on_unmeasured_household_q
103,Fordham - Bronx Pk,0.14299999999999996,0.5,-0.5834305717619603,0.5834305717619603,conditional_on_unmeasured_household_q
103,Fordham - Bronx Pk,0.14299999999999996,0.7,-0.8168028004667445,0.3500583430571762,conditional_on_unmeasured_household_q
103,Fordham - Bronx Pk,0.14299999999999996,0.9,-0.6993006993006994,0.11668611435239196,conditional_on_unmeasured_household_q
104,Pelham - Throgs Neck,0.09799999999999998,0.1,-0.11086474501108648,0.9977827050997783,conditional_on_unmeasured_household_q
104,Pelham - Throgs Neck,0.09799999999999998,0.3,-0.3325942350332594,0.7760532150776053,conditional_on_unmeasured_household_q
104,Pelham - Throgs Neck,0.09799999999999998,0.5,-0.5543237250554324,0.5543237250554324,conditional_on_unmeasured_household_q
104,Pelham - Throgs Neck,0.09799999999999998,0.7,-0.7760532150776053,0.33259423503325947,conditional_on_unmeasured_household_q
104,Pelham - Throgs Neck,0.09799999999999998,0.9,-0.9977827050997783,0.11086474501108645,conditional_on_unmeasured_household_q
105,Crotona - Tremont,0.20900000000000005,0.1,-0.12642225031605564,0.47846889952153104,conditional_on_unmeasured_household_q
105,Crotona - Tremont,0.20900000000000005,0.3,-0.37926675094816686,0.8849557522123894,conditional_on_unmeasured_household_q
105,Crotona - Tremont,0.20900000000000005,0.5,-0.6321112515802781,0.6321112515802783,conditional_on_unmeasured_household_q
105,Crotona - Tremont,0.20900000000000005,0.7,-0.8849557522123893,0.379266750948167,conditional_on_unmeasured_household_q
105,Crotona - Tremont,0.20900000000000005,0.9,-0.4784688995215307,0.1264222503160557,conditional_on_unmeasured_household_q
106,High Bridge - Morrisania,0.17599999999999993,0.1,-0.12135922330097088,0.5681818181818185,conditional_on_unmeasured_household_q
106,High Bridge - Morrisania,0.17599999999999993,0.3,-0.36407766990291257,0.8495145631067961,conditional_on_unmeasured_household_q
106,High Bridge - Morrisania,0.17599999999999993,0.5,-0.6067961165048543,0.6067961165048543,conditional_on_unmeasured_household_q
106,High Bridge - Morrisania,0.17599999999999993,0.7,-0.849514563106796,0.3640776699029127,conditional_on_unmeasured_household_q
106,High Bridge - Morrisania,0.17599999999999993,0.9,-0.5681818181818182,0.12135922330097082,conditional_on_unmeasured_household_q
107,Hunts Point - Mott Haven,0.16700000000000004,0.1,-0.1200480192076831,0.5988023952095807,conditional_on_unmeasured_household_q
107,Hunts Point - Mott Haven,0.16700000000000004,0.3,-0.36014405762304924,0.8403361344537815,conditional_on_unmeasured_household_q
107,Hunts Point - Mott Haven,0.16700000000000004,0.5,-0.6002400960384154,0.6002400960384153,conditional_on_unmeasured_household_q
107,Hunts Point - Mott Haven,0.16700000000000004,0.7,-0.8403361344537815,0.36014405762304924,conditional_on_unmeasured_household_q
107,Hunts Point - Mott Haven,0.16700000000000004,0.9,-0.5988023952095807,0.12004801920768293,conditional_on_unmeasured_household_q
201,Greenpoint,0.06599999999999995,0.1,-0.1070663811563169,0.9635974304068522,conditional_on_unmeasured_household_q
201,Greenpoint,0.06599999999999995,0.3,-0.3211991434689507,0.7494646680942184,conditional_on_unmeasured_household_q
201,Greenpoint,0.06599999999999995,0.5,-0.5353319057815845,0.5353319057815846,conditional_on_unmeasured_household_q
201,Greenpoint,0.06599999999999995,0.7,-0.7494646680942183,0.32119914346895084,conditional_on_unmeasured_household_q
201,Greenpoint,0.06599999999999995,0.9,-0.9635974304068522,0.10706638115631695,conditional_on_unmeasured_household_q
202,Downtown - Heights - Slope,0.08900000000000005,0.1,-0.10976948408342482,0.9879253567508233,conditional_on_unmeasured_household_q
202,Downtown - Heights - Slope,0.08900000000000005,0.3,-0.32930845225027444,0.7683863885839737,conditional_on_unmeasured_household_q
202,Downtown - Heights - Slope,0.08900000000000005,0.5,-0.5488474204171241,0.5488474204171241,conditional_on_unmeasured_household_q
202,Downtown - Heights - Slope,0.08900000000000005,0.7,-0.7683863885839737,0.3293084522502745,conditional_on_unmeasured_household_q
202,Downtown - Heights - Slope,0.08900000000000005,0.9,-0.9879253567508234,0.1097694840834248,conditional_on_unmeasured_household_q
203,Bedford Stuyvesant - Crown Heights,0.13799999999999998,0.1,-0.1160092807424594,0.7246376811594204,conditional_on_unmeasured_household_q
203,Bedford Stuyvesant - Crown Heights,0.13799999999999998,0.3,-0.3480278422273782,0.8120649651972158,conditional_on_unmeasured_household_q
203,Bedford Stuyvesant - Crown Heights,0.13799999999999998,0.5,-0.580046403712297,0.580046403712297,conditional_on_unmeasured_household_q
203,Bedford Stuyvesant - Crown Heights,0.13799999999999998,0.7,-0.8120649651972157,0.34802784222737826,conditional_on_unmeasured_household_q
203,Bedford Stuyvesant - Crown Heights,0.13799999999999998,0.9,-0.7246376811594202,0.11600928074245942,conditional_on_unmeasured_household_q
204,East New York,0.125,0.1,-0.11428571428571428,0.8,conditional_on_unmeasured_household_q
204,East New York,0.125,0.3,-0.3428571428571428,0.8,conditional_on_unmeasured_household_q
204,East New York,0.125,0.5,-0.5714285714285714,0.5714285714285714,conditional_on_unmeasured_household_q
204,East New York,0.125,0.7,-0.7999999999999999,0.34285714285714297,conditional_on_unmeasured_household_q
204,East New York,0.125,0.9,-0.7999999999999998,0.11428571428571432,conditional_on_unmeasured_household_q
205,Sunset Park,0.06900000000000006,0.1,-0.10741138560687434,0.966702470461869,conditional_on_unmeasured_household_q
205,Sunset Park,0.06900000000000006,0.3,-0.322234156820623,0.7518796992481204,conditional_on_unmeasured_household_q
205,Sunset Park,0.06900000000000006,0.5,-0.5370569280343717,0.5370569280343718,conditional_on_unmeasured_household_q
205,Sunset Park,0.06900000000000006,0.7,-0.7518796992481203,0.32223415682062306,conditional_on_unmeasured_household_q
205,Sunset Park,0.06900000000000006,0.9,-0.966702470461869,0.10741138560687435,conditional_on_unmeasured_household_q
206,Borough Park,0.085,0.1,-0.1092896174863388,0.9836065573770492,conditional_on_unmeasured_household_q
206,Borough Park,0.085,0.3,-0.32786885245901637,0.7650273224043717,conditional_on_unmeasured_household_q
206,Borough Park,0.085,0.5,-0.5464480874316939,0.546448087431694,conditional_on_unmeasured_household_q
206,Borough Park,0.085,0.7,-0.7650273224043714,0.3278688524590164,conditional_on_unmeasured_household_q
206,Borough Park,0.085,0.9,-0.983606557377049,0.10928961748633881,conditional_on_unmeasured_household_q
207,East Flatbush - Flatbush,0.10400000000000005,0.1,-0.11160714285714286,0.9615384615384612,conditional_on_unmeasured_household_q
207,East Flatbush - Flatbush,0.10400000000000005,0.3,-0.33482142857142855,0.78125,conditional_on_unmeasured_household_q
207,East Flatbush - Flatbush,0.10400000000000005,0.5,-0.5580357142857143,0.5580357142857143,conditional_on_unmeasured_household_q
207,East Flatbush - Flatbush,0.10400000000000005,0.7,-0.78125,0.3348214285714287,conditional_on_unmeasured_household_q
207,East Flatbush - Flatbush,0.10400000000000005,0.9,-0.9615384615384608,0.1116071428571429,conditional_on_unmeasured_household_q
208,Canarsie - Flatlands,0.08099999999999995,0.1,-0.1088139281828074,0.9793253536452665,conditional_on_unmeasured_household_q
208,Canarsie - Flatlands,0.08099999999999995,0.3,-0.32644178454842215,0.7616974972796517,conditional_on_unmeasured_household_q
208,Canarsie - Flatlands,0.08099999999999995,0.5,-0.544069640914037,0.544069640914037,conditional_on_unmeasured_household_q
208,Canarsie - Flatlands,0.08099999999999995,0.7,-0.7616974972796517,0.3264417845484222,conditional_on_unmeasured_household_q
208,Canarsie - Flatlands,0.08099999999999995,0.9,-0.9793253536452666,0.10881392818280733,conditional_on_unmeasured_household_q
209,Bensonhurst - Bay Ridge,0.07400000000000005,0.1,-0.10799136069114473,0.9719222462203024,conditional_on_unmeasured_household_q
209,Bensonhurst - Bay Ridge,0.07400000000000005,0.3,-0.32397408207343414,0.755939524838013,conditional_on_unmeasured_household_q
209,Bensonhurst - Bay Ridge,0.07400000000000005,0.5,-0.5399568034557236,0.5399568034557236,conditional_on_unmeasured_household_q
209,Bensonhurst - Bay Ridge,0.07400000000000005,0.7,-0.755939524838013,0.32397408207343414,conditional_on_unmeasured_household_q
209,Bensonhurst - Bay Ridge,0.07400000000000005,0.9,-0.9719222462203025,0.10799136069114468,conditional_on_unmeasured_household_q
210,Coney Island - Sheepshead Bay,0.085,0.1,-0.1092896174863388,0.9836065573770492,conditional_on_unmeasured_household_q
210,Coney Island - Sheepshead Bay,0.085,0.3,-0.32786885245901637,0.7650273224043717,conditional_on_unmeasured_household_q
210,Coney Island - Sheepshead Bay,0.085,0.5,-0.5464480874316939,0.546448087431694,conditional_on_unmeasured_household_q
210,Coney Island - Sheepshead Bay,0.085,0.7,-0.7650273224043714,0.3278688524590164,conditional_on_unmeasured_household_q
210,Coney Island - Sheepshead Bay,0.085,0.9,-0.983606557377049,0.10928961748633881,conditional_on_unmeasured_household_q
211,Williamsburg - Bushwick,0.11,0.1,-0.11235955056179776,0.9090909090909092,conditional_on_unmeasured_household_q
211,Williamsburg - Bushwick,0.11,0.3,-0.33707865168539325,0.7865168539325842,conditional_on_unmeasured_household_q
211,Williamsburg - Bushwick,0.11,0.5,-0.5617977528089888,0.5617977528089887,conditional_on_unmeasured_household_q
211,Williamsburg - Bushwick,0.11,0.7,-0.7865168539325843,0.3370786516853932,conditional_on_unmeasured_household_q
211,Williamsburg - Bushwick,0.11,0.9,-0.9090909090909088,0.1123595505617977,conditional_on_unmeasured_household_q
301,Washington Heights,0.08799999999999997,0.1,-0.10964912280701754,0.9868421052631579,conditional_on_unmeasured_household_q
301,Washington Heights,0.08799999999999997,0.3,-0.3289473684210526,0.7675438596491229,conditional_on_unmeasured_household_q
301,Washington Heights,0.08799999999999997,0.5,-0.5482456140350876,0.5482456140350878,conditional_on_unmeasured_household_q
301,Washington Heights,0.08799999999999997,0.7,-0.7675438596491226,0.32894736842105277,conditional_on_unmeasured_household_q
301,Washington Heights,0.08799999999999997,0.9,-0.9868421052631577,0.10964912280701755,conditional_on_unmeasured_household_q
302,Central Harlem - Morningside Heights,0.165,0.1,-0.11976047904191618,0.6060606060606061,conditional_on_unmeasured_household_q
302,Central Harlem - Morningside Heights,0.165,0.3,-0.3592814371257485,0.8383233532934131,conditional_on_unmeasured_household_q
302,Central Harlem - Morningside Heights,0.165,0.5,-0.5988023952095809,0.5988023952095809,conditional_on_unmeasured_household_q
302,Central Harlem - Morningside Heights,0.165,0.7,-0.8383233532934132,0.35928143712574856,conditional_on_unmeasured_household_q
302,Central Harlem - Morningside Heights,0.165,0.9,-0.6060606060606059,0.11976047904191611,conditional_on_unmeasured_household_q
303,East Harlem,0.15,0.1,-0.11764705882352942,0.6666666666666667,conditional_on_unmeasured_household_q
303,East Harlem,0.15,0.3,-0.35294117647058826,0.8235294117647058,conditional_on_unmeasured_household_q
303,East Harlem,0.15,0.5,-0.5882352941176471,0.5882352941176471,conditional_on_unmeasured_household_q
303,East Harlem,0.15,0.7,-0.8235294117647058,0.3529411764705883,conditional_on_unmeasured_household_q
303,East Harlem,0.15,0.9,-0.6666666666666665,0.11764705882352944,conditional_on_unmeasured_household_q
304,Upper West Side,0.08299999999999998,0.1,-0.10905125408942203,0.9814612868047983,conditional_on_unmeasured_household_q
304,Upper West Side,0.08299999999999998,0.3,-0.32715376226826604,0.7633587786259541,conditional_on_unmeasured_household_q
304,Upper West Side,0.08299999999999998,0.5,-0.5452562704471101,0.5452562704471101,conditional_on_unmeasured_household_q
304,Upper West Side,0.08299999999999998,0.7,-0.7633587786259541,0.3271537622682661,conditional_on_unmeasured_household_q
304,Upper West Side,0.08299999999999998,0.9,-0.9814612868047983,0.10905125408942196,conditional_on_unmeasured_household_q
305,Upper East Side,0.037000000000000026,0.1,-0.10384215991692627,0.9345794392523364,conditional_on_unmeasured_household_q
305,Upper East Side,0.037000000000000026,0.3,-0.3115264797507788,0.726895119418484,conditional_on_unmeasured_household_q
305,Upper East Side,0.037000000000000026,0.5,-0.5192107995846313,0.5192107995846313,conditional_on_unmeasured_household_q
305,Upper East Side,0.037000000000000026,0.7,-0.7268951194184838,0.31152647975077896,conditional_on_unmeasured_household_q
305,Upper East Side,0.037000000000000026,0.9,-0.9345794392523364,0.10384215991692636,conditional_on_unmeasured_household_q
306,Chelsea - Clinton,0.025,0.1,-0.10256410256410259,0.923076923076923,conditional_on_unmeasured_household_q
306,Chelsea - Clinton,0.025,0.3,-0.3076923076923077,0.717948717948718,conditional_on_unmeasured_household_q
306,Chelsea - Clinton,0.025,0.5,-0.5128205128205129,0.5128205128205128,conditional_on_unmeasured_household_q
306,Chelsea - Clinton,0.025,0.7,-0.717948717948718,0.3076923076923077,conditional_on_unmeasured_household_q
306,Chelsea - Clinton,0.025,0.9,-0.9230769230769232,0.10256410256410242,conditional_on_unmeasured_household_q
307,Gramercy Park - Murray Hill,0.05700000000000003,0.1,-0.10604453870625663,0.9544008483563097,conditional_on_unmeasured_household_q
307,Gramercy Park - Murray Hill,0.05700000000000003,0.3,-0.3181336161187699,0.7423117709437964,conditional_on_unmeasured_household_q
307,Gramercy Park - Murray Hill,0.05700000000000003,0.5,-0.5302226935312832,0.5302226935312833,conditional_on_unmeasured_household_q
307,Gramercy Park - Murray Hill,0.05700000000000003,0.7,-0.7423117709437964,0.31813361611877,conditional_on_unmeasured_household_q
307,Gramercy Park - Murray Hill,0.05700000000000003,0.9,-0.9544008483563097,0.10604453870625663,conditional_on_unmeasured_household_q
308,Greenwich Village - SoHo,0.02200000000000003,0.1,-0.10224948875255624,0.920245398773006,conditional_on_unmeasured_household_q
308,Greenwich Village - SoHo,0.02200000000000003,0.3,-0.3067484662576687,0.7157464212678936,conditional_on_unmeasured_household_q
308,Greenwich Village - SoHo,0.02200000000000003,0.5,-0.5112474437627812,0.5112474437627811,conditional_on_unmeasured_household_q
308,Greenwich Village - SoHo,0.02200000000000003,0.7,-0.7157464212678937,0.3067484662576686,conditional_on_unmeasured_household_q
308,Greenwich Village - SoHo,0.02200000000000003,0.9,-0.9202453987730062,0.10224948875255613,conditional_on_unmeasured_household_q
309,Union Square - Lower East Side,0.07700000000000003,0.1,-0.10834236186348863,0.9750812567713977,conditional_on_unmeasured_household_q
309,Union Square - Lower East Side,0.07700000000000003,0.3,-0.32502708559046584,0.7583965330444205,conditional_on_unmeasured_household_q
309,Union Square - Lower East Side,0.07700000000000003,0.5,-0.5417118093174431,0.5417118093174431,conditional_on_unmeasured_household_q
309,Union Square - Lower East Side,0.07700000000000003,0.7,-0.7583965330444203,0.325027085590466,conditional_on_unmeasured_household_q
309,Union Square - Lower East Side,0.07700000000000003,0.9,-0.9750812567713977,0.10834236186348867,conditional_on_unmeasured_household_q
310,Lower Manhattan,0.025,0.1,-0.10256410256410259,0.923076923076923,conditional_on_unmeasured_household_q
310,Lower Manhattan,0.025,0.3,-0.3076923076923077,0.717948717948718,conditional_on_unmeasured_household_q
310,Lower Manhattan,0.025,0.5,-0.5128205128205129,0.5128205128205128,conditional_on_unmeasured_household_q
310,Lower Manhattan,0.025,0.7,-0.717948717948718,0.3076923076923077,conditional_on_unmeasured_household_q
310,Lower Manhattan,0.025,0.9,-0.9230769230769232,0.10256410256410242,conditional_on_unmeasured_household_q
401,Long Island City - Astoria,0.075,0.1,-0.1081081081081081,0.9729729729729729,conditional_on_unmeasured_household_q
401,Long Island City - Astoria,0.075,0.3,-0.3243243243243243,0.7567567567567568,conditional_on_unmeasured_household_q
401,Long Island City - Astoria,0.075,0.5,-0.5405405405405405,0.5405405405405406,conditional_on_unmeasured_household_q
401,Long Island City - Astoria,0.075,0.7,-0.7567567567567566,0.32432432432432445,conditional_on_unmeasured_household_q
401,Long Island City - Astoria,0.075,0.9,-0.9729729729729728,0.10810810810810823,conditional_on_unmeasured_household_q
402,West Queens,0.05700000000000003,0.1,-0.10604453870625663,0.9544008483563097,conditional_on_unmeasured_household_q
402,West Queens,0.05700000000000003,0.3,-0.3181336161187699,0.7423117709437964,conditional_on_unmeasured_household_q
402,West Queens,0.05700000000000003,0.5,-0.5302226935312832,0.5302226935312833,conditional_on_unmeasured_household_q
402,West Queens,0.05700000000000003,0.7,-0.7423117709437964,0.31813361611877,conditional_on_unmeasured_household_q
402,West Queens,0.05700000000000003,0.9,-0.9544008483563097,0.10604453870625663,conditional_on_unmeasured_household_q
403,Flushing - Clearview,0.05900000000000006,0.1,-0.10626992561105209,0.9564293304994687,conditional_on_unmeasured_household_q
403,Flushing - Clearview,0.05900000000000006,0.3,-0.31880977683315626,0.7438894792773645,conditional_on_unmeasured_household_q
403,Flushing - Clearview,0.05900000000000006,0.5,-0.5313496280552604,0.5313496280552603,conditional_on_unmeasured_household_q
403,Flushing - Clearview,0.05900000000000006,0.7,-0.7438894792773646,0.31880977683315626,conditional_on_unmeasured_household_q
403,Flushing - Clearview,0.05900000000000006,0.9,-0.9564293304994688,0.10626992561105197,conditional_on_unmeasured_household_q
404,Bayside - Little Neck,0.06299999999999997,0.1,-0.10672358591248665,0.9605122732123799,conditional_on_unmeasured_household_q
404,Bayside - Little Neck,0.06299999999999997,0.3,-0.32017075773745995,0.7470651013874066,conditional_on_unmeasured_household_q
404,Bayside - Little Neck,0.06299999999999997,0.5,-0.5336179295624333,0.5336179295624333,conditional_on_unmeasured_household_q
404,Bayside - Little Neck,0.06299999999999997,0.7,-0.7470651013874066,0.32017075773746007,conditional_on_unmeasured_household_q
404,Bayside - Little Neck,0.06299999999999997,0.9,-0.9605122732123799,0.10672358591248665,conditional_on_unmeasured_household_q
405,Ridgewood - Forest Hills,0.06,0.1,-0.10638297872340426,0.9574468085106382,conditional_on_unmeasured_household_q
405,Ridgewood - Forest Hills,0.06,0.3,-0.3191489361702127,0.7446808510638299,conditional_on_unmeasured_household_q
405,Ridgewood - Forest Hills,0.06,0.5,-0.5319148936170213,0.5319148936170213,conditional_on_unmeasured_household_q
405,Ridgewood - Forest Hills,0.06,0.7,-0.7446808510638298,0.3191489361702129,conditional_on_unmeasured_household_q
405,Ridgewood - Forest Hills,0.06,0.9,-0.9574468085106383,0.10638297872340419,conditional_on_unmeasured_household_q
406,Fresh Meadows,0.052000000000000025,0.1,-0.10548523206751055,0.949367088607595,conditional_on_unmeasured_household_q
406,Fresh Meadows,0.052000000000000025,0.3,-0.3164556962025316,0.7383966244725739,conditional_on_unmeasured_household_q
406,Fresh Meadows,0.052000000000000025,0.5,-0.5274261603375527,0.5274261603375527,conditional_on_unmeasured_household_q
406,Fresh Meadows,0.052000000000000025,0.7,-0.7383966244725738,0.3164556962025318,conditional_on_unmeasured_household_q
406,Fresh Meadows,0.052000000000000025,0.9,-0.949367088607595,0.10548523206751059,conditional_on_unmeasured_household_q
407,Southwest Queens,0.07,0.1,-0.10752688172043012,0.967741935483871,conditional_on_unmeasured_household_q
407,Southwest Queens,0.07,0.3,-0.32258064516129037,0.7526881720430108,conditional_on_unmeasured_household_q
407,Southwest Queens,0.07,0.5,-0.5376344086021506,0.5376344086021505,conditional_on_unmeasured_household_q
407,Southwest Queens,0.07,0.7,-0.7526881720430109,0.32258064516129037,conditional_on_unmeasured_household_q
407,Southwest Queens,0.07,0.9,-0.9677419354838711,0.1075268817204299,conditional_on_unmeasured_household_q
408,Jamaica,0.13,0.1,-0.11494252873563218,0.7692307692307692,conditional_on_unmeasured_household_q
408,Jamaica,0.13,0.3,-0.3448275862068965,0.8045977011494253,conditional_on_unmeasured_household_q
408,Jamaica,0.13,0.5,-0.5747126436781609,0.5747126436781609,conditional_on_unmeasured_household_q
408,Jamaica,0.13,0.7,-0.8045977011494252,0.3448275862068967,conditional_on_unmeasured_household_q
408,Jamaica,0.13,0.9,-0.7692307692307689,0.11494252873563227,conditional_on_unmeasured_household_q
409,Southeast Queens,0.075,0.1,-0.1081081081081081,0.9729729729729729,conditional_on_unmeasured_household_q
409,Southeast Queens,0.075,0.3,-0.3243243243243243,0.7567567567567568,conditional_on_unmeasured_household_q
409,Southeast Queens,0.075,0.5,-0.5405405405405405,0.5405405405405406,conditional_on_unmeasured_household_q
409,Southeast Queens,0.075,0.7,-0.7567567567567566,0.32432432432432445,conditional_on_unmeasured_household_q
409,Southeast Queens,0.075,0.9,-0.9729729729729728,0.10810810810810823,conditional_on_unmeasured_household_q
410,Rockaways,0.16799999999999998,0.1,-0.1201923076923077,0.5952380952380953,conditional_on_unmeasured_household_q
410,Rockaways,0.16799999999999998,0.3,-0.3605769230769231,0.8413461538461539,conditional_on_unmeasured_household_q
410,Rockaways,0.16799999999999998,0.5,-0.6009615384615384,0.6009615384615384,conditional_on_unmeasured_household_q
410,Rockaways,0.16799999999999998,0.7,-0.8413461538461537,0.360576923076923,conditional_on_unmeasured_household_q
410,Rockaways,0.16799999999999998,0.9,-0.5952380952380951,0.12019230769230771,conditional_on_unmeasured_household_q
501,Port Richmond,0.09299999999999997,0.1,-0.11025358324145534,0.992282249173098,conditional_on_unmeasured_household_q
501,Port Richmond,0.09299999999999997,0.3,-0.330760749724366,0.7717750826901875,conditional_on_unmeasured_household_q
501,Port Richmond,0.09299999999999997,0.5,-0.5512679162072767,0.5512679162072768,conditional_on_unmeasured_household_q
501,Port Richmond,0.09299999999999997,0.7,-0.7717750826901872,0.3307607497243662,conditional_on_unmeasured_household_q
501,Port Richmond,0.09299999999999997,0.9,-0.992282249173098,0.1102535832414554,conditional_on_unmeasured_household_q
502,Stapleton - St. George,0.06700000000000003,0.1,-0.10718113612004287,0.9646302250803859,conditional_on_unmeasured_household_q
502,Stapleton - St. George,0.06700000000000003,0.3,-0.3215434083601286,0.7502679528403001,conditional_on_unmeasured_household_q
502,Stapleton - St. George,0.06700000000000003,0.5,-0.5359056806002144,0.5359056806002145,conditional_on_unmeasured_household_q
502,Stapleton - St. George,0.06700000000000003,0.7,-0.7502679528403001,0.32154340836012874,conditional_on_unmeasured_household_q
502,Stapleton - St. George,0.06700000000000003,0.9,-0.9646302250803859,0.10718113612004287,conditional_on_unmeasured_household_q
503,Willowbrook,0.04,0.1,-0.10416666666666669,0.9375,conditional_on_unmeasured_household_q
503,Willowbrook,0.04,0.3,-0.3125,0.7291666666666666,conditional_on_unmeasured_household_q
503,Willowbrook,0.04,0.5,-0.5208333333333334,0.5208333333333333,conditional_on_unmeasured_household_q
503,Willowbrook,0.04,0.7,-0.7291666666666666,0.3125,conditional_on_unmeasured_household_q
503,Willowbrook,0.04,0.9,-0.9375000000000001,0.10416666666666663,conditional_on_unmeasured_household_q
504,South Beach - Tottenville,0.03,0.1,-0.10309278350515466,0.9278350515463918,conditional_on_unmeasured_household_q
504,South Beach - Tottenville,0.03,0.3,-0.30927835051546393,0.7216494845360824,conditional_on_unmeasured_household_q
504,South Beach - Tottenville,0.03,0.5,-0.5154639175257733,0.5154639175257731,conditional_on_unmeasured_household_q
504,South Beach - Tottenville,0.03,0.7,-0.7216494845360825,0.30927835051546393,conditional_on_unmeasured_household_q
504,South Beach - Tottenville,0.03,0.9,-0.9278350515463919,0.1030927835051545,conditional_on_unmeasured_household_q
