GeoID,Name,world,constructed_N,constructed_q,observed_noAC_share,A1Y1,A1Y0,A0Y1,A0Y0,r_noAC,r_AC,risk_difference,status
101,Kingsbridge - Riverdale,noAC_all_adequate,1000,0.5,0.11,0,110,500,390,0.0,0.5617977528089888,-0.5617977528089888,hypothetical_not_measured
101,Kingsbridge - Riverdale,noAC_all_inadequate,1000,0.5,0.11,110,0,390,500,1.0,0.43820224719101125,0.5617977528089888,hypothetical_not_measured
102,Northeast Bronx,noAC_all_adequate,1000,0.5,0.12900000000000006,0,129,500,371,0.0,0.574052812858783,-0.574052812858783,hypothetical_not_measured
102,Northeast Bronx,noAC_all_inadequate,1000,0.5,0.12900000000000006,129,0,371,500,1.0,0.425947187141217,0.574052812858783,hypothetical_not_measured
103,Fordham - Bronx Pk,noAC_all_adequate,1000,0.5,0.14299999999999996,0,143,500,357,0.0,0.5834305717619603,-0.5834305717619603,hypothetical_not_measured
103,Fordham - Bronx Pk,noAC_all_inadequate,1000,0.5,0.14299999999999996,143,0,357,500,1.0,0.41656942823803966,0.5834305717619603,hypothetical_not_measured
104,Pelham - Throgs Neck,noAC_all_adequate,1000,0.5,0.09799999999999998,0,98,500,402,0.0,0.5543237250554324,-0.5543237250554324,hypothetical_not_measured
104,Pelham - Throgs Neck,noAC_all_inadequate,1000,0.5,0.09799999999999998,98,0,402,500,1.0,0.44567627494456763,0.5543237250554324,hypothetical_not_measured
105,Crotona - Tremont,noAC_all_adequate,1000,0.5,0.20900000000000005,0,209,500,291,0.0,0.6321112515802781,-0.6321112515802781,hypothetical_not_measured
105,Crotona - Tremont,noAC_all_inadequate,1000,0.5,0.20900000000000005,209,0,291,500,1.0,0.36788874841972186,0.6321112515802781,hypothetical_not_measured
106,High Bridge - Morrisania,noAC_all_adequate,1000,0.5,0.17599999999999993,0,176,500,324,0.0,0.6067961165048543,-0.6067961165048543,hypothetical_not_measured
106,High Bridge - Morrisania,noAC_all_inadequate,1000,0.5,0.17599999999999993,176,0,324,500,1.0,0.3932038834951456,0.6067961165048543,hypothetical_not_measured
107,Hunts Point - Mott Haven,noAC_all_adequate,1000,0.5,0.16700000000000004,0,167,500,333,0.0,0.6002400960384153,-0.6002400960384153,hypothetical_not_measured
107,Hunts Point - Mott Haven,noAC_all_inadequate,1000,0.5,0.16700000000000004,167,0,333,500,1.0,0.3997599039615846,0.6002400960384153,hypothetical_not_measured
201,Greenpoint,noAC_all_adequate,1000,0.5,0.06599999999999995,0,66,500,434,0.0,0.5353319057815846,-0.5353319057815846,hypothetical_not_measured
201,Greenpoint,noAC_all_inadequate,1000,0.5,0.06599999999999995,66,0,434,500,1.0,0.46466809421841543,0.5353319057815846,hypothetical_not_measured
202,Downtown - Heights - Slope,noAC_all_adequate,1000,0.5,0.08900000000000005,0,89,500,411,0.0,0.5488474204171241,-0.5488474204171241,hypothetical_not_measured
202,Downtown - Heights - Slope,noAC_all_inadequate,1000,0.5,0.08900000000000005,89,0,411,500,1.0,0.45115257958287597,0.5488474204171241,hypothetical_not_measured
203,Bedford Stuyvesant - Crown Heights,noAC_all_adequate,1000,0.5,0.13799999999999998,0,138,500,362,0.0,0.580046403712297,-0.580046403712297,hypothetical_not_measured
203,Bedford Stuyvesant - Crown Heights,noAC_all_inadequate,1000,0.5,0.13799999999999998,138,0,362,500,1.0,0.419953596287703,0.580046403712297,hypothetical_not_measured
204,East New York,noAC_all_adequate,1000,0.5,0.125,0,125,500,375,0.0,0.5714285714285714,-0.5714285714285714,hypothetical_not_measured
204,East New York,noAC_all_inadequate,1000,0.5,0.125,125,0,375,500,1.0,0.42857142857142855,0.5714285714285714,hypothetical_not_measured
205,Sunset Park,noAC_all_adequate,1000,0.5,0.06900000000000006,0,69,500,431,0.0,0.5370569280343717,-0.5370569280343717,hypothetical_not_measured
205,Sunset Park,noAC_all_inadequate,1000,0.5,0.06900000000000006,69,0,431,500,1.0,0.46294307196562834,0.5370569280343717,hypothetical_not_measured
206,Borough Park,noAC_all_adequate,1000,0.5,0.085,0,85,500,415,0.0,0.546448087431694,-0.546448087431694,hypothetical_not_measured
206,Borough Park,noAC_all_inadequate,1000,0.5,0.085,85,0,415,500,1.0,0.453551912568306,0.5464480874316939,hypothetical_not_measured
207,East Flatbush - Flatbush,noAC_all_adequate,1000,0.5,0.10400000000000005,0,104,500,396,0.0,0.5580357142857143,-0.5580357142857143,hypothetical_not_measured
207,East Flatbush - Flatbush,noAC_all_inadequate,1000,0.5,0.10400000000000005,104,0,396,500,1.0,0.4419642857142857,0.5580357142857143,hypothetical_not_measured
208,Canarsie - Flatlands,noAC_all_adequate,1000,0.5,0.08099999999999995,0,81,500,419,0.0,0.544069640914037,-0.544069640914037,hypothetical_not_measured
208,Canarsie - Flatlands,noAC_all_inadequate,1000,0.5,0.08099999999999995,81,0,419,500,1.0,0.455930359085963,0.544069640914037,hypothetical_not_measured
209,Bensonhurst - Bay Ridge,noAC_all_adequate,1000,0.5,0.07400000000000005,0,74,500,426,0.0,0.5399568034557235,-0.5399568034557235,hypothetical_not_measured
209,Bensonhurst - Bay Ridge,noAC_all_inadequate,1000,0.5,0.07400000000000005,74,0,426,500,1.0,0.46004319654427644,0.5399568034557236,hypothetical_not_measured
210,Coney Island - Sheepshead Bay,noAC_all_adequate,1000,0.5,0.085,0,85,500,415,0.0,0.546448087431694,-0.546448087431694,hypothetical_not_measured
210,Coney Island - Sheepshead Bay,noAC_all_inadequate,1000,0.5,0.085,85,0,415,500,1.0,0.453551912568306,0.5464480874316939,hypothetical_not_measured
211,Williamsburg - Bushwick,noAC_all_adequate,1000,0.5,0.11,0,110,500,390,0.0,0.5617977528089888,-0.5617977528089888,hypothetical_not_measured
211,Williamsburg - Bushwick,noAC_all_inadequate,1000,0.5,0.11,110,0,390,500,1.0,0.43820224719101125,0.5617977528089888,hypothetical_not_measured
301,Washington Heights,noAC_all_adequate,1000,0.5,0.08799999999999997,0,88,500,412,0.0,0.5482456140350878,-0.5482456140350878,hypothetical_not_measured
301,Washington Heights,noAC_all_inadequate,1000,0.5,0.08799999999999997,88,0,412,500,1.0,0.4517543859649123,0.5482456140350878,hypothetical_not_measured
302,Central Harlem - Morningside Heights,noAC_all_adequate,1000,0.5,0.165,0,165,500,335,0.0,0.5988023952095808,-0.5988023952095808,hypothetical_not_measured
302,Central Harlem - Morningside Heights,noAC_all_inadequate,1000,0.5,0.165,165,0,335,500,1.0,0.40119760479041916,0.5988023952095809,hypothetical_not_measured
303,East Harlem,noAC_all_adequate,1000,0.5,0.15,0,150,500,350,0.0,0.5882352941176471,-0.5882352941176471,hypothetical_not_measured
303,East Harlem,noAC_all_inadequate,1000,0.5,0.15,150,0,350,500,1.0,0.4117647058823529,0.5882352941176471,hypothetical_not_measured
304,Upper West Side,noAC_all_adequate,1000,0.5,0.08299999999999998,0,83,500,417,0.0,0.5452562704471101,-0.5452562704471101,hypothetical_not_measured
304,Upper West Side,noAC_all_inadequate,1000,0.5,0.08299999999999998,83,0,417,500,1.0,0.4547437295528899,0.5452562704471101,hypothetical_not_measured
305,Upper East Side,noAC_all_adequate,1000,0.5,0.037000000000000026,0,37,500,463,0.0,0.5192107995846313,-0.5192107995846313,hypothetical_not_measured
305,Upper East Side,noAC_all_inadequate,1000,0.5,0.037000000000000026,37,0,463,500,1.0,0.48078920041536866,0.5192107995846313,hypothetical_not_measured
306,Chelsea - Clinton,noAC_all_adequate,1000,0.5,0.025,0,25,500,475,0.0,0.5128205128205128,-0.5128205128205128,hypothetical_not_measured
306,Chelsea - Clinton,noAC_all_inadequate,1000,0.5,0.025,25,0,475,500,1.0,0.48717948717948717,0.5128205128205128,hypothetical_not_measured
307,Gramercy Park - Murray Hill,noAC_all_adequate,1000,0.5,0.05700000000000003,0,57,500,443,0.0,0.5302226935312832,-0.5302226935312832,hypothetical_not_measured
307,Gramercy Park - Murray Hill,noAC_all_inadequate,1000,0.5,0.05700000000000003,57,0,443,500,1.0,0.46977730646871685,0.5302226935312832,hypothetical_not_measured
308,Greenwich Village - SoHo,noAC_all_adequate,1000,0.5,0.02200000000000003,0,22,500,478,0.0,0.5112474437627812,-0.5112474437627812,hypothetical_not_measured
308,Greenwich Village - SoHo,noAC_all_inadequate,1000,0.5,0.02200000000000003,22,0,478,500,1.0,0.4887525562372188,0.5112474437627812,hypothetical_not_measured
309,Union Square - Lower East Side,noAC_all_adequate,1000,0.5,0.07700000000000003,0,77,500,423,0.0,0.5417118093174431,-0.5417118093174431,hypothetical_not_measured
309,Union Square - Lower East Side,noAC_all_inadequate,1000,0.5,0.07700000000000003,77,0,423,500,1.0,0.4582881906825569,0.5417118093174431,hypothetical_not_measured
310,Lower Manhattan,noAC_all_adequate,1000,0.5,0.025,0,25,500,475,0.0,0.5128205128205128,-0.5128205128205128,hypothetical_not_measured
310,Lower Manhattan,noAC_all_inadequate,1000,0.5,0.025,25,0,475,500,1.0,0.48717948717948717,0.5128205128205128,hypothetical_not_measured
401,Long Island City - Astoria,noAC_all_adequate,1000,0.5,0.075,0,75,500,425,0.0,0.5405405405405406,-0.5405405405405406,hypothetical_not_measured
401,Long Island City - Astoria,noAC_all_inadequate,1000,0.5,0.075,75,0,425,500,1.0,0.4594594594594595,0.5405405405405406,hypothetical_not_measured
402,West Queens,noAC_all_adequate,1000,0.5,0.05700000000000003,0,57,500,443,0.0,0.5302226935312832,-0.5302226935312832,hypothetical_not_measured
402,West Queens,noAC_all_inadequate,1000,0.5,0.05700000000000003,57,0,443,500,1.0,0.46977730646871685,0.5302226935312832,hypothetical_not_measured
403,Flushing - Clearview,noAC_all_adequate,1000,0.5,0.05900000000000006,0,59,500,441,0.0,0.5313496280552603,-0.5313496280552603,hypothetical_not_measured
403,Flushing - Clearview,noAC_all_inadequate,1000,0.5,0.05900000000000006,59,0,441,500,1.0,0.46865037194473963,0.5313496280552603,hypothetical_not_measured
404,Bayside - Little Neck,noAC_all_adequate,1000,0.5,0.06299999999999997,0,63,500,437,0.0,0.5336179295624333,-0.5336179295624333,hypothetical_not_measured
404,Bayside - Little Neck,noAC_all_inadequate,1000,0.5,0.06299999999999997,63,0,437,500,1.0,0.4663820704375667,0.5336179295624333,hypothetical_not_measured
405,Ridgewood - Forest Hills,noAC_all_adequate,1000,0.5,0.06,0,60,500,440,0.0,0.5319148936170213,-0.5319148936170213,hypothetical_not_measured
405,Ridgewood - Forest Hills,noAC_all_inadequate,1000,0.5,0.06,60,0,440,500,1.0,0.46808510638297873,0.5319148936170213,hypothetical_not_measured
406,Fresh Meadows,noAC_all_adequate,1000,0.5,0.052000000000000025,0,52,500,448,0.0,0.5274261603375527,-0.5274261603375527,hypothetical_not_measured
406,Fresh Meadows,noAC_all_inadequate,1000,0.5,0.052000000000000025,52,0,448,500,1.0,0.47257383966244726,0.5274261603375527,hypothetical_not_measured
407,Southwest Queens,noAC_all_adequate,1000,0.5,0.07,0,70,500,430,0.0,0.5376344086021505,-0.5376344086021505,hypothetical_not_measured
407,Southwest Queens,noAC_all_inadequate,1000,0.5,0.07,70,0,430,500,1.0,0.46236559139784944,0.5376344086021505,hypothetical_not_measured
408,Jamaica,noAC_all_adequate,1000,0.5,0.13,0,130,500,370,0.0,0.5747126436781609,-0.5747126436781609,hypothetical_not_measured
408,Jamaica,noAC_all_inadequate,1000,0.5,0.13,130,0,370,500,1.0,0.42528735632183906,0.5747126436781609,hypothetical_not_measured
409,Southeast Queens,noAC_all_adequate,1000,0.5,0.075,0,75,500,425,0.0,0.5405405405405406,-0.5405405405405406,hypothetical_not_measured
409,Southeast Queens,noAC_all_inadequate,1000,0.5,0.075,75,0,425,500,1.0,0.4594594594594595,0.5405405405405406,hypothetical_not_measured
410,Rockaways,noAC_all_adequate,1000,0.5,0.16799999999999998,0,168,500,332,0.0,0.6009615384615384,-0.6009615384615384,hypothetical_not_measured
410,Rockaways,noAC_all_inadequate,1000,0.5,0.16799999999999998,168,0,332,500,1.0,0.39903846153846156,0.6009615384615384,hypothetical_not_measured
501,Port Richmond,noAC_all_adequate,1000,0.5,0.09299999999999997,0,93,500,407,0.0,0.5512679162072768,-0.5512679162072768,hypothetical_not_measured
501,Port Richmond,noAC_all_inadequate,1000,0.5,0.09299999999999997,93,0,407,500,1.0,0.4487320837927233,0.5512679162072767,hypothetical_not_measured
502,Stapleton - St. George,noAC_all_adequate,1000,0.5,0.06700000000000003,0,67,500,433,0.0,0.5359056806002144,-0.5359056806002144,hypothetical_not_measured
502,Stapleton - St. George,noAC_all_inadequate,1000,0.5,0.06700000000000003,67,0,433,500,1.0,0.4640943193997856,0.5359056806002144,hypothetical_not_measured
503,Willowbrook,noAC_all_adequate,1000,0.5,0.04,0,40,500,460,0.0,0.5208333333333334,-0.5208333333333334,hypothetical_not_measured
503,Willowbrook,noAC_all_inadequate,1000,0.5,0.04,40,0,460,500,1.0,0.4791666666666667,0.5208333333333333,hypothetical_not_measured
504,South Beach - Tottenville,noAC_all_adequate,1000,0.5,0.03,0,30,500,470,0.0,0.5154639175257731,-0.5154639175257731,hypothetical_not_measured
504,South Beach - Tottenville,noAC_all_inadequate,1000,0.5,0.03,30,0,470,500,1.0,0.4845360824742268,0.5154639175257731,hypothetical_not_measured
