GeoType,GeoID,with_ac_pct,ac_ci,ac_note,vegetation_land_pct,surface_temperature_F,Name,no_ac_pct,screen_0.500,screen_0.600,screen_0.667,retained_all_screens,screening_households_for_100_noAC_expected
UHF42,101,89.0,,,63.0,92.1609,Kingsbridge - Riverdale,11.0,False,False,False,False,909.0909090909091
UHF42,102,87.1,,* Estimate is based on small numbers so should be interpreted with caution.,36.0,99.2054,Northeast Bronx,12.900000000000006,False,False,False,False,775.193798449612
UHF42,103,85.7,,,40.0,95.5097,Fordham - Bronx Pk,14.299999999999997,False,False,False,False,699.3006993006995
UHF42,104,90.2,,* Estimate is based on small numbers so should be interpreted with caution.,46.0,95.9564,Pelham - Throgs Neck,9.799999999999997,False,False,False,False,1020.4081632653064
UHF42,105,79.1,,,32.0,97.6973,Crotona - Tremont,20.900000000000006,False,False,False,False,478.468899521531
UHF42,106,82.4,,,21.0,99.4396,High Bridge - Morrisania,17.599999999999994,True,True,True,True,568.1818181818184
UHF42,107,83.3,,,18.0,100.6503,Hunts Point - Mott Haven,16.700000000000003,True,True,True,True,598.8023952095807
UHF42,201,93.4,,,14.0,99.579,Greenpoint,6.599999999999994,False,False,False,False,1515.1515151515164
UHF42,202,91.1,,* Estimate is based on small numbers so should be interpreted with caution.,22.0,97.572,Downtown - Heights - Slope,8.900000000000006,False,False,False,False,1123.5955056179769
UHF42,203,86.2,,,25.0,98.4713,Bedford Stuyvesant - Crown Heights,13.799999999999997,True,True,False,False,724.6376811594204
UHF42,204,87.5,,,29.0,99.8959,East New York,12.5,True,False,False,False,800.0
UHF42,205,93.1,,* Estimate is based on small numbers so should be interpreted with caution.,29.0,96.2851,Sunset Park,6.900000000000006,False,False,False,False,1449.2753623188394
UHF42,206,91.5,,* Estimate is based on small numbers so should be interpreted with caution.,24.0,98.5773,Borough Park,8.5,True,False,False,False,1176.4705882352941
UHF42,207,89.6,,* Estimate is based on small numbers so should be interpreted with caution.,30.0,97.9668,East Flatbush - Flatbush,10.400000000000006,False,False,False,False,961.5384615384611
UHF42,208,91.9,,* Estimate is based on small numbers so should be interpreted with caution.,41.0,95.879,Canarsie - Flatlands,8.099999999999994,False,False,False,False,1234.5679012345688
UHF42,209,92.6,,,28.0,94.823,Bensonhurst - Bay Ridge,7.400000000000006,False,False,False,False,1351.3513513513503
UHF42,210,91.5,,* Estimate is based on small numbers so should be interpreted with caution.,23.0,97.1147,Coney Island - Sheepshead Bay,8.5,False,False,False,False,1176.4705882352941
UHF42,211,89.0,,,18.0,100.5914,Williamsburg - Bushwick,11.0,True,True,True,True,909.0909090909091
UHF42,301,91.2,,,35.0,93.9955,Washington Heights,8.799999999999997,False,False,False,False,1136.3636363636367
UHF42,302,83.5,,,29.0,97.4324,Central Harlem - Morningside Heights,16.5,False,False,False,False,606.060606060606
UHF42,303,85.0,,,31.0,97.5541,East Harlem,15.0,False,False,False,False,666.6666666666667
UHF42,304,91.7,,,29.0,95.5242,Upper West Side,8.299999999999997,False,False,False,False,1204.819277108434
UHF42,305,96.3,,* Estimate is based on small numbers so should be interpreted with caution.,22.0,96.4139,Upper East Side,3.700000000000003,False,False,False,False,2702.7027027027007
UHF42,306,97.5,,* Estimate is based on small numbers so should be interpreted with caution.,11.0,98.2559,Chelsea - Clinton,2.5,False,False,False,False,4000.0
UHF42,307,94.3,,* Estimate is based on small numbers so should be interpreted with caution.,13.0,97.5106,Gramercy Park - Murray Hill,5.700000000000003,False,False,False,False,1754.3859649122799
UHF42,308,97.8,,* Estimate is based on small numbers so should be interpreted with caution.,13.0,98.0472,Greenwich Village - SoHo,2.200000000000003,False,False,False,False,4545.45454545454
UHF42,309,92.3,,* Estimate is based on small numbers so should be interpreted with caution.,25.0,97.7563,Union Square - Lower East Side,7.700000000000003,False,False,False,False,1298.7012987012984
UHF42,310,97.5,,* Estimate is based on small numbers so should be interpreted with caution.,24.0,93.5133,Lower Manhattan,2.5,False,False,False,False,4000.0
UHF42,401,92.5,,,18.0,99.0992,Long Island City - Astoria,7.5,False,False,False,False,1333.3333333333335
UHF42,402,94.3,,* Estimate is based on small numbers so should be interpreted with caution.,24.0,99.8847,West Queens,5.700000000000003,False,False,False,False,1754.3859649122799
UHF42,403,94.1,,* Estimate is based on small numbers so should be interpreted with caution.,38.0,99.3731,Flushing - Clearview,5.900000000000006,False,False,False,False,1694.9152542372865
UHF42,404,93.7,,* Estimate is based on small numbers so should be interpreted with caution.,55.0,96.6149,Bayside - Little Neck,6.299999999999997,False,False,False,False,1587.301587301588
UHF42,405,94.0,,* Estimate is based on small numbers so should be interpreted with caution.,45.0,96.622,Ridgewood - Forest Hills,6.0,False,False,False,False,1666.6666666666667
UHF42,406,94.8,,* Estimate is based on small numbers so should be interpreted with caution.,46.0,98.6226,Fresh Meadows,5.200000000000003,False,False,False,False,1923.0769230769222
UHF42,407,93.0,,* Estimate is based on small numbers so should be interpreted with caution.,29.0,100.3215,Southwest Queens,7.0,False,False,False,False,1428.5714285714284
UHF42,408,87.0,,* Estimate is based on small numbers so should be interpreted with caution.,35.0,101.371,Jamaica,13.0,False,False,False,False,769.2307692307692
UHF42,409,92.5,,* Estimate is based on small numbers so should be interpreted with caution.,44.0,100.5816,Southeast Queens,7.5,False,False,False,False,1333.3333333333335
UHF42,410,83.2,,,37.0,92.7299,Rockaways,16.799999999999997,False,False,False,False,595.2380952380953
UHF42,501,90.7,,,41.0,99.1054,Port Richmond,9.299999999999997,False,False,False,False,1075.2688172043015
UHF42,502,93.3,,* Estimate is based on small numbers so should be interpreted with caution.,51.0,94.9722,Stapleton - St. George,6.700000000000003,False,False,False,False,1492.5373134328352
UHF42,503,96.0,,* Estimate is based on small numbers so should be interpreted with caution.,61.0,94.8409,Willowbrook,4.0,False,False,False,False,2500.0
UHF42,504,97.0,,* Estimate is based on small numbers so should be interpreted with caution.,59.0,94.8645,South Beach - Tottenville,3.0,False,False,False,False,3333.3333333333335
