difference,multiplicity,probability
-0.25,1,1.52587890625e-05
-0.1875,8,0.0001220703125
-0.125,32,0.00048828125
-0.0625,88,0.0013427734375
0.0,192,0.0029296875
0.0625,360,0.0054931640625
0.125,604,0.00921630859375
0.1875,920,0.0140380859375
0.25,1284,0.01959228515625
0.3125,1672,0.0255126953125
0.375,2076,0.03167724609375
0.4375,2488,0.0379638671875
0.5,2886,0.044036865234375
0.5625,3256,0.0496826171875
0.625,3604,0.05499267578125
0.6875,3912,0.0596923828125
0.75,4114,0.062774658203125
0.8125,4168,0.0635986328125
0.875,4112,0.062744140625
0.9375,3992,0.0609130859375
1.0,3794,0.057891845703125
1.0625,3512,0.0535888671875
1.125,3208,0.0489501953125
1.1875,2920,0.0445556640625
1.25,2589,0.0395050048828125
1.3125,2176,0.033203125
1.375,1764,0.02691650390625
1.4375,1440,0.02197265625
1.5,1174,0.017913818359375
1.5625,912,0.013916015625
1.625,684,0.01043701171875
1.6875,528,0.008056640625
1.75,403,0.0061492919921875
1.8125,264,0.0040283203125
1.875,144,0.002197265625
1.9375,88,0.0013427734375
2.0,74,0.001129150390625
2.0625,56,0.0008544921875
2.125,28,0.00042724609375
2.1875,8,0.0001220703125
2.25,1,1.52587890625e-05
