claim_id,final_line,claim_sha256,evidence_ids,verification
C001,3,69142bdee887033e0c8d03d01904cd105e361b18e3ce1f49e3214860c50f4f3f,"E001,E002",Agent checked; no human certification
C002,7,cb98d3a3702595f2a786b7edd86f169ddecc878fa409bfb17f6d808771aafc0b,"E001,E005,E006",Agent checked; no human certification
C011,11,aea1ee31f9d2beefbefc12b54852628f7ab96a57ab5a7b7f135776665a34c787,"E001,E002",Agent checked; no human certification
C002,13,358b354aae2c928117c1036af166d817a7e0bcc7e8dfa25b29ebb0bc3525694d,"E001,E006",Agent checked; no human certification
C013,19,9f86f813909a7d46bcafa07864d8778b1d2dd07245a968bbad72a0ed0150d2d0,"E007,E010,E011",Agent checked; no human certification
C004,21,f9edf3286fe977dde1ef4f5faebdfdef6774bcfa923f0025a5c132737f306a60,"E002,E003,E004,E005",Agent checked; no human certification
C002,25,8aa10be7e77a0a7db8fa1bc68c49dc773919a1e512d1787f36a5fae5e5d333c6,"E001,E002,E005",Agent checked; no human certification
C008,27,a6f94e5536fd4273416c601121b75a69c8cde025b3ab33d8877c6fe88636abfa,"E001,E002,E005,E006",Agent checked; no human certification
C009,31,20de1cdf106c3584c69db5bef97a27882def10146bc88cc09b28c15e8600199f,"E005,E006",Agent checked; no human certification
C003,37,8f60398ef77dba0ff9d2f8ff19a1d27de592b3385769b189e23785aeec3e3428,"E003,E004,E005,E006",Agent checked; no human certification
C005,39,0172bdeeb994fb965b9da8b116fcb8fa3eb4f17da475e038b118e993f0543f63,"E005,E006",Agent checked; no human certification
C006,43,c69c575d6f41bec874eb24d554daf8bcf8f2bcd9fffadcfbe23bc396d45e1e36,"E005,E006",Agent checked; no human certification
C009,47,f29ec7e9b9e7f4b57be92831438c1879ecff094a27527b6bd7dc24b05d073d57,"E005,E006",Agent checked; no human certification
C010,49,7ccc49ca257cd352e001ef553d695cf0518c080003d467e738721734b7316160,"E005,E006",Agent checked; no human certification
C011,53,f1591010098b5a8353cf81c8e344a1c90d4b84e6561dfa72baafb6363d5a7a9e,"E001,E005,E006",Agent checked; no human certification
C011,55,0397ff0f8588a497594bf0770829ae569c83f2bff2179bf7f58358f0de076130,"E002,E005,E006",Agent checked; no human certification
C011,57,082b1822e766a58dc820c7948cb26be78022eb5a233cd5441d0c6c597c58a75f,"E001,E002,E006",Agent checked; no human certification
C006,61,4af243109465ba7da696144d7c71f4b239cb3da407e526d08055220dce8f9ed4,"E001,E006",Agent checked; no human certification
C012,65,3408ee18152fa195ad66d7ed7772863bc6d2d5ee01c03ce3f079220ab205dc29,"E002,E003,E004,E005,E009",Agent checked; no human certification
C015,67,f090a89d8707b14a713cb1128145a177157ce6b35dbf8486d918596694080d28,"E005,E008",Agent checked; no human certification
C015,71,62aa42daf42bbe0b29a3fbc37ec1d4e8d15141b888b11e448780dd95c8f92e34,E008,Agent checked; no human certification
