utc,local,temp_c,qc,report_type
2025-07-06T07:51:00,2025-07-06T00:51:00,35.0,5,FM-15
2025-07-06T08:51:00,2025-07-06T01:51:00,34.4,5,FM-15
2025-07-06T09:51:00,2025-07-06T02:51:00,32.8,5,FM-15
2025-07-06T10:51:00,2025-07-06T03:51:00,31.7,5,FM-15
2025-07-06T11:51:00,2025-07-06T04:51:00,30.6,5,FM-15
2025-07-06T12:51:00,2025-07-06T05:51:00,30.0,5,FM-15
2025-07-06T13:51:00,2025-07-06T06:51:00,30.6,5,FM-15
2025-07-06T14:51:00,2025-07-06T07:51:00,32.8,5,FM-15
2025-07-06T15:51:00,2025-07-06T08:51:00,35.0,5,FM-15
2025-07-06T16:51:00,2025-07-06T09:51:00,36.1,5,FM-15
2025-07-06T17:51:00,2025-07-06T10:51:00,37.2,5,FM-15
2025-07-06T18:51:00,2025-07-06T11:51:00,40.6,5,FM-15
2025-07-06T19:51:00,2025-07-06T12:51:00,42.2,5,FM-15
2025-07-06T20:51:00,2025-07-06T13:51:00,42.2,5,FM-15
2025-07-06T21:51:00,2025-07-06T14:51:00,42.2,5,FM-15
2025-07-06T22:51:00,2025-07-06T15:51:00,42.2,5,FM-15
2025-07-06T23:51:00,2025-07-06T16:51:00,42.2,5,FM-15
2025-07-07T00:51:00,2025-07-06T17:51:00,41.7,5,FM-15
2025-07-07T01:51:00,2025-07-06T18:51:00,41.7,5,FM-15
2025-07-07T02:51:00,2025-07-06T19:51:00,41.1,5,FM-15
2025-07-07T03:51:00,2025-07-06T20:51:00,40.6,5,FM-15
2025-07-07T04:51:00,2025-07-06T21:51:00,38.9,5,FM-15
2025-07-07T05:51:00,2025-07-06T22:51:00,37.2,5,FM-15
2025-07-07T06:51:00,2025-07-06T23:51:00,37.2,5,FM-15
2025-07-13T07:51:00,2025-07-13T00:51:00,36.1,5,FM-15
2025-07-13T08:51:00,2025-07-13T01:51:00,35.6,5,FM-15
2025-07-13T09:51:00,2025-07-13T02:51:00,35.0,5,FM-15
2025-07-13T10:51:00,2025-07-13T03:51:00,34.4,5,FM-15
2025-07-13T11:51:00,2025-07-13T04:51:00,32.8,5,FM-15
2025-07-13T12:51:00,2025-07-13T05:51:00,32.2,5,FM-15
2025-07-13T13:51:00,2025-07-13T06:51:00,32.2,5,FM-15
2025-07-13T14:51:00,2025-07-13T07:51:00,32.8,5,FM-15
2025-07-13T15:51:00,2025-07-13T08:51:00,33.9,5,FM-15
2025-07-13T16:51:00,2025-07-13T09:51:00,35.6,5,FM-15
2025-07-13T17:51:00,2025-07-13T10:51:00,36.7,5,FM-15
2025-07-13T18:51:00,2025-07-13T11:51:00,37.8,5,FM-15
2025-07-13T19:51:00,2025-07-13T12:51:00,39.4,5,FM-15
2025-07-13T20:51:00,2025-07-13T13:51:00,41.1,5,FM-15
2025-07-13T21:51:00,2025-07-13T14:51:00,41.7,5,FM-15
2025-07-13T22:51:00,2025-07-13T15:51:00,41.7,5,FM-15
2025-07-13T23:51:00,2025-07-13T16:51:00,41.7,5,FM-15
2025-07-14T00:51:00,2025-07-13T17:51:00,41.1,5,FM-15
2025-07-14T01:51:00,2025-07-13T18:51:00,41.1,5,FM-15
2025-07-14T03:51:00,2025-07-13T20:51:00,38.9,5,FM-15
2025-07-14T04:51:00,2025-07-13T21:51:00,37.8,5,FM-15
2025-07-14T05:51:00,2025-07-13T22:51:00,37.2,5,FM-15
2025-07-14T06:51:00,2025-07-13T23:51:00,37.8,5,FM-15
2025-07-20T07:51:00,2025-07-20T00:51:00,35.6,5,FM-15
2025-07-20T08:51:00,2025-07-20T01:51:00,34.4,5,FM-15
2025-07-20T09:51:00,2025-07-20T02:51:00,33.9,5,FM-15
2025-07-20T10:51:00,2025-07-20T03:51:00,32.8,5,FM-15
2025-07-20T11:51:00,2025-07-20T04:51:00,33.3,5,FM-15
2025-07-20T12:51:00,2025-07-20T05:51:00,32.8,5,FM-15
2025-07-20T13:51:00,2025-07-20T06:51:00,32.8,5,FM-15
2025-07-20T14:51:00,2025-07-20T07:51:00,32.8,5,FM-15
2025-07-20T15:51:00,2025-07-20T08:51:00,32.8,5,FM-15
2025-07-20T16:51:00,2025-07-20T09:51:00,33.9,5,FM-15
2025-07-20T17:51:00,2025-07-20T10:51:00,33.9,5,FM-15
2025-07-20T18:51:00,2025-07-20T11:51:00,33.9,5,FM-15
2025-07-20T19:51:00,2025-07-20T12:51:00,33.9,5,FM-15
2025-07-20T20:51:00,2025-07-20T13:51:00,33.9,5,FM-15
2025-07-20T21:51:00,2025-07-20T14:51:00,34.4,5,FM-15
2025-07-20T22:51:00,2025-07-20T15:51:00,34.4,5,FM-15
2025-07-20T23:51:00,2025-07-20T16:51:00,34.4,5,FM-15
2025-07-21T00:51:00,2025-07-20T17:51:00,34.4,5,FM-15
2025-07-21T01:51:00,2025-07-20T18:51:00,33.9,5,FM-15
2025-07-21T02:51:00,2025-07-20T19:51:00,33.9,5,FM-15
2025-07-21T03:51:00,2025-07-20T20:51:00,33.9,5,FM-15
2025-07-21T04:51:00,2025-07-20T21:51:00,33.3,5,FM-15
2025-07-21T05:51:00,2025-07-20T22:51:00,32.8,5,FM-15
2025-07-21T06:51:00,2025-07-20T23:51:00,32.2,5,FM-15
2025-07-27T07:51:00,2025-07-27T00:51:00,32.8,5,FM-15
2025-07-27T08:51:00,2025-07-27T01:51:00,33.9,5,FM-15
2025-07-27T09:51:00,2025-07-27T02:51:00,30.6,5,FM-15
2025-07-27T10:51:00,2025-07-27T03:51:00,30.0,5,FM-15
2025-07-27T11:51:00,2025-07-27T04:51:00,28.9,5,FM-15
2025-07-27T12:51:00,2025-07-27T05:51:00,27.8,5,FM-15
2025-07-27T13:51:00,2025-07-27T06:51:00,29.4,5,FM-15
2025-07-27T14:51:00,2025-07-27T07:51:00,31.7,5,FM-15
2025-07-27T15:51:00,2025-07-27T08:51:00,33.3,5,FM-15
2025-07-27T16:51:00,2025-07-27T09:51:00,35.0,5,FM-15
2025-07-27T17:51:00,2025-07-27T10:51:00,37.2,5,FM-15
2025-07-27T18:51:00,2025-07-27T11:51:00,38.9,5,FM-15
2025-07-27T19:51:00,2025-07-27T12:51:00,40.6,5,FM-15
2025-07-27T20:51:00,2025-07-27T13:51:00,40.6,5,FM-15
2025-07-27T21:51:00,2025-07-27T14:51:00,40.6,5,FM-15
2025-07-27T22:51:00,2025-07-27T15:51:00,42.8,5,FM-15
2025-07-27T23:51:00,2025-07-27T16:51:00,42.2,5,FM-15
2025-07-28T00:51:00,2025-07-27T17:51:00,41.7,5,FM-15
2025-07-28T01:51:00,2025-07-27T18:51:00,41.1,5,FM-15
2025-07-28T02:51:00,2025-07-27T19:51:00,40.6,5,FM-15
2025-07-28T03:51:00,2025-07-27T20:51:00,40.0,5,FM-15
2025-07-28T04:51:00,2025-07-27T21:51:00,39.4,5,FM-15
2025-07-28T05:51:00,2025-07-27T22:51:00,36.7,5,FM-15
2025-07-28T06:51:00,2025-07-27T23:51:00,35.0,5,FM-15
