mechanism,seed,t,infected
A_closure,0,0,1
A_closure,0,1,3
A_closure,0,2,3
A_closure,0,3,3
A_closure,1,0,1
A_closure,1,1,3
A_closure,1,2,3
A_closure,1,3,3
A_closure,2,0,1
A_closure,2,1,3
A_closure,2,2,3
A_closure,2,3,3
A_closure,3,0,1
A_closure,3,1,3
A_closure,3,2,3
A_closure,3,3,3
A_closure,4,0,1
A_closure,4,1,3
A_closure,4,2,3
A_closure,4,3,3
A_closure,5,0,1
A_closure,5,1,3
A_closure,5,2,3
A_closure,5,3,3
B_integration,0,0,1
B_integration,0,1,3
B_integration,0,2,5
B_integration,0,3,6
B_integration,1,0,1
B_integration,1,1,3
B_integration,1,2,5
B_integration,1,3,6
B_integration,2,0,1
B_integration,2,1,3
B_integration,2,2,5
B_integration,2,3,6
B_integration,3,0,1
B_integration,3,1,3
B_integration,3,2,5
B_integration,3,3,6
B_integration,4,0,1
B_integration,4,1,3
B_integration,4,2,5
B_integration,4,3,6
B_integration,5,0,1
B_integration,5,1,3
B_integration,5,2,5
B_integration,5,3,6
