unit_id,stratum,valid_from,valid_to,record
u01,g1,2020-01-01,2025-12-31,historical
u01,g1,2026-01-01,2026-12-31,current
u02,g1,2020-01-01,2025-12-31,historical
u02,g1,2026-01-01,2026-12-31,current
u03,g1,2020-01-01,2025-12-31,historical
u03,g1,2026-01-01,2026-12-31,current
u04,g1,2020-01-01,2025-12-31,historical
u04,g1,2026-01-01,2026-12-31,current
u05,g2,2020-01-01,2025-12-31,historical
u05,g2,2026-01-01,2026-12-31,current
u06,g2,2020-01-01,2025-12-31,historical
u06,g2,2026-01-01,2026-12-31,current
u07,g2,2020-01-01,2025-12-31,historical
u07,g2,2026-01-01,2026-12-31,current
u08,g2,2020-01-01,2025-12-31,historical
u08,g2,2026-01-01,2026-12-31,current
