id,condition,tau,baseline_alarm,baseline_false_alarm,baseline_hit,baseline_delay,baseline_loss,initial_alarm,initial_false_alarm,initial_hit,initial_delay,initial_loss,refined_alarm,refined_false_alarm,refined_hit,refined_delay,refined_loss,ablation_alarm,ablation_false_alarm,ablation_hit,ablation_delay,ablation_loss,refined_minus_baseline_loss,refined_minus_initial_loss,refined_minus_ablation_loss
65109-clean-0,clean,,-1,False,False,,0,-1,False,False,,0,-1,False,False,,0,-1,False,False,,0,0,0,0
65109-clean-1,clean,204,242,False,True,38,38,232,False,True,28,28,233,False,True,29,29,229,False,True,25,25,-9,1,4
65109-clean-2,clean,,-1,False,False,,0,-1,False,False,,0,-1,False,False,,0,-1,False,False,,0,0,0,0
65109-clean-3,clean,165,238,False,False,73,90,191,False,True,26,26,196,False,True,31,31,183,False,True,18,18,-59,5,13
65109-clean-4,clean,,-1,False,False,,0,-1,False,False,,0,-1,False,False,,0,-1,False,False,,0,0,0,0
65109-clean-5,clean,153,250,False,False,97,90,198,False,True,45,45,194,False,True,41,41,181,False,True,28,28,-49,-4,13
65109-clean-6,clean,,-1,False,False,,0,-1,False,False,,0,-1,False,False,,0,-1,False,False,,0,0,0,0
65109-clean-7,clean,154,173,False,True,19,19,177,False,True,23,23,175,False,True,21,21,100,True,False,,90,2,-2,-69
65109-clean-8,clean,,-1,False,False,,0,-1,False,False,,0,-1,False,False,,0,-1,False,False,,0,0,0,0
65109-clean-9,clean,177,191,False,True,14,14,194,False,True,17,17,200,False,True,23,23,192,False,True,15,15,9,6,8
65109-clean-10,clean,,-1,False,False,,0,-1,False,False,,0,-1,False,False,,0,-1,False,False,,0,0,0,0
65109-clean-11,clean,195,217,False,True,22,22,218,False,True,23,23,217,False,True,22,22,208,False,True,13,13,0,-1,9
65109-clean-12,clean,,-1,False,False,,0,-1,False,False,,0,-1,False,False,,0,-1,False,False,,0,0,0,0
65109-clean-13,clean,179,256,False,False,77,90,248,False,False,69,90,214,False,True,35,35,203,False,True,24,24,-55,-55,11
65109-clean-14,clean,,-1,False,False,,0,-1,False,False,,0,-1,False,False,,0,123,True,False,,90,0,0,-90
65109-clean-15,clean,209,-1,False,False,,90,-1,False,False,,90,-1,False,False,,90,106,True,False,,90,0,0,0
65109-clean-16,clean,,-1,False,False,,0,-1,False,False,,0,-1,False,False,,0,-1,False,False,,0,0,0,0
65109-clean-17,clean,178,204,False,True,26,26,202,False,True,24,24,204,False,True,26,26,201,False,True,23,23,0,2,3
65109-clean-18,clean,,-1,False,False,,0,-1,False,False,,0,-1,False,False,,0,-1,False,False,,0,0,0,0
65109-clean-19,clean,206,219,False,True,13,13,225,False,True,19,19,226,False,True,20,20,218,False,True,12,12,7,1,8
65109-clean-20,clean,,-1,False,False,,0,-1,False,False,,0,-1,False,False,,0,-1,False,False,,0,0,0,0
65109-clean-21,clean,192,214,False,True,22,22,215,False,True,23,23,214,False,True,22,22,208,False,True,16,16,0,-1,6
65109-clean-22,clean,,-1,False,False,,0,-1,False,False,,0,-1,False,False,,0,-1,False,False,,0,0,0,0
65109-clean-23,clean,183,-1,False,False,,90,-1,False,False,,90,-1,False,False,,90,-1,False,False,,90,0,0,0
65109-clean-24,clean,,-1,False,False,,0,-1,False,False,,0,-1,False,False,,0,351,True,False,,90,0,0,-90
65109-clean-25,clean,176,188,False,True,12,12,192,False,True,16,16,202,False,True,26,26,192,False,True,16,16,14,10,10
65109-clean-26,clean,,-1,False,False,,0,-1,False,False,,0,-1,False,False,,0,99,True,False,,90,0,0,-90
65109-clean-27,clean,189,-1,False,False,,90,-1,False,False,,90,251,False,False,62,90,163,True,False,,90,0,0,0
65109-clean-28,clean,,-1,False,False,,0,-1,False,False,,0,-1,False,False,,0,124,True,False,,90,0,0,-90
65109-clean-29,clean,167,213,False,True,46,46,205,False,True,38,38,201,False,True,34,34,159,True,False,,90,-12,-4,-56
65109-bursts-0,bursts,,-1,False,False,,0,-1,False,False,,0,-1,False,False,,0,108,True,False,,90,0,0,-90
65109-bursts-1,bursts,182,219,False,True,37,37,248,False,False,66,90,215,False,True,33,33,173,True,False,,90,-4,-57,-57
65109-bursts-2,bursts,,-1,False,False,,0,-1,False,False,,0,-1,False,False,,0,-1,False,False,,0,0,0,0
65109-bursts-3,bursts,210,347,False,False,137,90,272,False,False,62,90,266,False,True,56,56,256,False,True,46,46,-34,-34,10
65109-bursts-4,bursts,,-1,False,False,,0,-1,False,False,,0,-1,False,False,,0,258,True,False,,90,0,0,-90
65109-bursts-5,bursts,193,211,False,True,18,18,216,False,True,23,23,219,False,True,26,26,130,True,False,,90,8,3,-64
65109-bursts-6,bursts,,-1,False,False,,0,-1,False,False,,0,-1,False,False,,0,-1,False,False,,0,0,0,0
65109-bursts-7,bursts,151,188,False,True,37,37,196,False,True,45,45,203,False,True,52,52,188,False,True,37,37,15,7,15
65109-bursts-8,bursts,,-1,False,False,,0,-1,False,False,,0,-1,False,False,,0,-1,False,False,,0,0,0,0
65109-bursts-9,bursts,203,230,False,True,27,27,221,False,True,18,18,230,False,True,27,27,219,False,True,16,16,0,9,11
65109-bursts-10,bursts,,-1,False,False,,0,-1,False,False,,0,-1,False,False,,0,315,True,False,,90,0,0,-90
65109-bursts-11,bursts,187,247,False,True,60,60,216,False,True,29,29,222,False,True,35,35,206,False,True,19,19,-25,6,16
65109-bursts-12,bursts,,-1,False,False,,0,-1,False,False,,0,-1,False,False,,0,-1,False,False,,0,0,0,0
65109-bursts-13,bursts,202,214,False,True,12,12,219,False,True,17,17,216,False,True,14,14,210,False,True,8,8,2,-3,6
65109-bursts-14,bursts,,-1,False,False,,0,-1,False,False,,0,-1,False,False,,0,101,True,False,,90,0,0,-90
65109-bursts-15,bursts,167,188,False,True,21,21,187,False,True,20,20,189,False,True,22,22,183,False,True,16,16,1,2,6
65109-bursts-16,bursts,,-1,False,False,,0,-1,False,False,,0,-1,False,False,,0,184,True,False,,90,0,0,-90
65109-bursts-17,bursts,158,266,False,False,108,90,207,False,True,49,49,227,False,False,69,90,196,False,True,38,38,0,41,52
65109-bursts-18,bursts,,-1,False,False,,0,-1,False,False,,0,-1,False,False,,0,206,True,False,,90,0,0,-90
65109-bursts-19,bursts,172,-1,False,False,,90,-1,False,False,,90,204,False,True,32,32,200,False,True,28,28,-58,-58,4
65109-bursts-20,bursts,,-1,False,False,,0,-1,False,False,,0,-1,False,False,,0,-1,False,False,,0,0,0,0
65109-bursts-21,bursts,148,175,False,True,27,27,173,False,True,25,25,169,False,True,21,21,165,False,True,17,17,-6,-4,4
65109-bursts-22,bursts,,-1,False,False,,0,177,True,False,,90,188,True,False,,90,131,True,False,,90,90,0,0
65109-bursts-23,bursts,199,212,False,True,13,13,218,False,True,19,19,216,False,True,17,17,209,False,True,10,10,4,-2,7
65109-bursts-24,bursts,,145,True,False,,90,151,True,False,,90,-1,False,False,,0,141,True,False,,90,-90,-90,-90
65109-bursts-25,bursts,194,291,False,False,97,90,308,False,False,114,90,227,False,True,33,33,127,True,False,,90,-57,-57,-57
65109-bursts-26,bursts,,-1,False,False,,0,-1,False,False,,0,-1,False,False,,0,189,True,False,,90,0,0,-90
65109-bursts-27,bursts,167,185,False,True,18,18,186,False,True,19,19,188,False,True,21,21,181,False,True,14,14,3,2,7
65109-bursts-28,bursts,,-1,False,False,,0,-1,False,False,,0,-1,False,False,,0,-1,False,False,,0,0,0,0
65109-bursts-29,bursts,184,-1,False,False,,90,-1,False,False,,90,-1,False,False,,90,263,False,False,79,90,0,0,0
65109-gaps-0,gaps,,-1,False,False,,0,-1,False,False,,0,-1,False,False,,0,210,True,False,,90,0,0,-90
65109-gaps-1,gaps,158,172,False,True,14,14,187,False,True,29,29,186,False,True,28,28,110,True,False,,90,14,-1,-62
65109-gaps-2,gaps,,-1,False,False,,0,-1,False,False,,0,-1,False,False,,0,328,True,False,,90,0,0,-90
65109-gaps-3,gaps,193,229,False,True,36,36,220,False,True,27,27,218,False,True,25,25,117,True,False,,90,-11,-2,-65
65109-gaps-4,gaps,,-1,False,False,,0,-1,False,False,,0,-1,False,False,,0,139,True,False,,90,0,0,-90
65109-gaps-5,gaps,191,212,False,True,21,21,213,False,True,22,22,217,False,True,26,26,205,False,True,14,14,5,4,12
65109-gaps-6,gaps,,-1,False,False,,0,-1,False,False,,0,-1,False,False,,0,99,True,False,,90,0,0,-90
65109-gaps-7,gaps,177,316,False,False,139,90,235,False,True,58,58,286,False,False,109,90,212,False,True,35,35,0,32,55
65109-gaps-8,gaps,,-1,False,False,,0,-1,False,False,,0,-1,False,False,,0,-1,False,False,,0,0,0,0
65109-gaps-9,gaps,143,185,False,True,42,42,174,False,True,31,31,170,False,True,27,27,166,False,True,23,23,-15,-4,4
65109-gaps-10,gaps,,-1,False,False,,0,-1,False,False,,0,-1,False,False,,0,-1,False,False,,0,0,0,0
65109-gaps-11,gaps,202,256,False,True,54,54,235,False,True,33,33,231,False,True,29,29,225,False,True,23,23,-25,-4,6
65109-gaps-12,gaps,,-1,False,False,,0,-1,False,False,,0,-1,False,False,,0,-1,False,False,,0,0,0,0
65109-gaps-13,gaps,191,-1,False,False,,90,-1,False,False,,90,-1,False,False,,90,261,False,False,70,90,0,0,0
65109-gaps-14,gaps,,-1,False,False,,0,-1,False,False,,0,-1,False,False,,0,272,True,False,,90,0,0,-90
65109-gaps-15,gaps,209,234,False,True,25,25,235,False,True,26,26,237,False,True,28,28,226,False,True,17,17,3,2,11
65109-gaps-16,gaps,,-1,False,False,,0,-1,False,False,,0,-1,False,False,,0,-1,False,False,,0,0,0,0
65109-gaps-17,gaps,195,209,False,True,14,14,209,False,True,14,14,210,False,True,15,15,202,False,True,7,7,1,1,8
65109-gaps-18,gaps,,-1,False,False,,0,-1,False,False,,0,-1,False,False,,0,304,True,False,,90,0,0,-90
65109-gaps-19,gaps,152,166,False,True,14,14,171,False,True,19,19,181,False,True,29,29,104,True,False,,90,15,10,-61
65109-gaps-20,gaps,,-1,False,False,,0,-1,False,False,,0,168,True,False,,90,145,True,False,,90,90,90,0
65109-gaps-21,gaps,189,259,False,False,70,90,268,False,False,79,90,227,False,True,38,38,214,False,True,25,25,-52,-52,13
65109-gaps-22,gaps,,-1,False,False,,0,-1,False,False,,0,-1,False,False,,0,263,True,False,,90,0,0,-90
65109-gaps-23,gaps,169,204,False,True,35,35,193,False,True,24,24,192,False,True,23,23,184,False,True,15,15,-12,-1,8
65109-gaps-24,gaps,,-1,False,False,,0,-1,False,False,,0,-1,False,False,,0,-1,False,False,,0,0,0,0
65109-gaps-25,gaps,167,217,False,True,50,50,209,False,True,42,42,224,False,True,57,57,158,True,False,,90,7,15,-33
65109-gaps-26,gaps,,-1,False,False,,0,-1,False,False,,0,-1,False,False,,0,-1,False,False,,0,0,0,0
65109-gaps-27,gaps,151,173,False,True,22,22,175,False,True,24,24,173,False,True,22,22,167,False,True,16,16,0,-2,6
65109-gaps-28,gaps,,-1,False,False,,0,-1,False,False,,0,-1,False,False,,0,105,True,False,,90,0,0,-90
65109-gaps-29,gaps,198,200,False,True,2,2,205,False,True,7,7,222,False,True,24,24,195,True,False,,90,22,17,-66
65109-heavy-0,heavy,,-1,False,False,,0,-1,False,False,,0,271,True,False,,90,112,True,False,,90,90,90,0
65109-heavy-1,heavy,175,196,False,True,21,21,193,False,True,18,18,194,False,True,19,19,180,False,True,5,5,-2,1,14
65109-heavy-2,heavy,,-1,False,False,,0,-1,False,False,,0,-1,False,False,,0,267,True,False,,90,0,0,-90
65109-heavy-3,heavy,210,223,False,True,13,13,228,False,True,18,18,231,False,True,21,21,221,False,True,11,11,8,3,10
65109-heavy-4,heavy,,-1,False,False,,0,-1,False,False,,0,-1,False,False,,0,113,True,False,,90,0,0,-90
65109-heavy-5,heavy,154,204,False,True,50,50,188,False,True,34,34,184,False,True,30,30,169,False,True,15,15,-20,-4,15
65109-heavy-6,heavy,,167,True,False,,90,174,True,False,,90,185,True,False,,90,163,True,False,,90,0,0,0
65109-heavy-7,heavy,148,148,False,True,0,0,155,False,True,7,7,173,False,True,25,25,151,False,True,3,3,25,18,22
65109-heavy-8,heavy,,-1,False,False,,0,-1,False,False,,0,-1,False,False,,0,-1,False,False,,0,0,0,0
65109-heavy-9,heavy,190,215,False,True,25,25,223,False,True,33,33,225,False,True,35,35,171,True,False,,90,10,2,-55
65109-heavy-10,heavy,,-1,False,False,,0,-1,False,False,,0,-1,False,False,,0,278,True,False,,90,0,0,-90
65109-heavy-11,heavy,199,223,False,True,24,24,224,False,True,25,25,224,False,True,25,25,168,True,False,,90,1,0,-65
65109-heavy-12,heavy,,-1,False,False,,0,-1,False,False,,0,-1,False,False,,0,249,True,False,,90,0,0,-90
65109-heavy-13,heavy,170,151,True,False,,90,194,False,True,24,24,152,True,False,,90,127,True,False,,90,0,66,0
65109-heavy-14,heavy,,-1,False,False,,0,-1,False,False,,0,-1,False,False,,0,220,True,False,,90,0,0,-90
65109-heavy-15,heavy,208,220,False,True,12,12,223,False,True,15,15,226,False,True,18,18,133,True,False,,90,6,3,-72
65109-heavy-16,heavy,,-1,False,False,,0,-1,False,False,,0,-1,False,False,,0,-1,False,False,,0,0,0,0
65109-heavy-17,heavy,163,184,False,True,21,21,181,False,True,18,18,181,False,True,18,18,171,False,True,8,8,-3,0,10
65109-heavy-18,heavy,,-1,False,False,,0,-1,False,False,,0,-1,False,False,,0,-1,False,False,,0,0,0,0
65109-heavy-19,heavy,189,200,False,True,11,11,206,False,True,17,17,210,False,True,21,21,196,False,True,7,7,10,4,14
65109-heavy-20,heavy,,-1,False,False,,0,-1,False,False,,0,-1,False,False,,0,165,True,False,,90,0,0,-90
65109-heavy-21,heavy,153,200,False,True,47,47,180,False,True,27,27,188,False,True,35,35,141,True,False,,90,-12,8,-55
65109-heavy-22,heavy,,-1,False,False,,0,-1,False,False,,0,-1,False,False,,0,99,True,False,,90,0,0,-90
65109-heavy-23,heavy,189,222,False,True,33,33,235,False,True,46,46,216,False,True,27,27,169,True,False,,90,-6,-19,-63
65109-heavy-24,heavy,,-1,False,False,,0,-1,False,False,,0,-1,False,False,,0,328,True,False,,90,0,0,-90
65109-heavy-25,heavy,162,188,False,True,26,26,184,False,True,22,22,189,False,True,27,27,180,False,True,18,18,1,5,9
65109-heavy-26,heavy,,-1,False,False,,0,-1,False,False,,0,-1,False,False,,0,101,True,False,,90,0,0,-90
65109-heavy-27,heavy,192,123,True,False,,90,212,False,True,20,20,212,False,True,20,20,119,True,False,,90,-70,0,-70
65109-heavy-28,heavy,,-1,False,False,,0,-1,False,False,,0,-1,False,False,,0,-1,False,False,,0,0,0,0
65109-heavy-29,heavy,177,186,False,True,9,9,197,False,True,20,20,185,False,True,8,8,168,True,False,,90,-1,-12,-82
